method_family,asset,frequency,regime_method,regime_label,count,mean,median
HMM,BTCUSDT,15m,hmm_4_states,extreme_vol,1,1.0,1.0
HMM,BTCUSDT,15m,hmm_4_states,high_vol,11758,1.9744004082326927,1.0
HMM,BTCUSDT,15m,hmm_4_states,low_vol,32139,3.0635987429602665,2.0
HMM,BTCUSDT,15m,hmm_4_states,medium_vol,40781,2.172653931978127,1.0
HMM,BTCUSDT,1d,hmm_4_states,extreme_vol,1,1.0,1.0
HMM,BTCUSDT,1d,hmm_4_states,high_vol,290,1.4620689655172414,1.0
HMM,BTCUSDT,1d,hmm_4_states,low_vol,431,1.9605568445475638,1.0
HMM,BTCUSDT,1d,hmm_4_states,medium_vol,532,1.7330827067669172,1.0
HMM,BTCUSDT,1h,hmm_4_states,extreme_vol,547,1.0,1.0
HMM,BTCUSDT,1h,hmm_4_states,high_vol,5217,1.7749664558175196,1.0
HMM,BTCUSDT,1h,hmm_4_states,low_vol,8536,2.4961340206185567,1.0
HMM,BTCUSDT,1h,hmm_4_states,medium_vol,11187,1.918566192902476,1.0
HMM,BTCUSDT,1m,hmm_4_states,extreme_vol,95449,2.089859506123689,1.0
HMM,BTCUSDT,1m,hmm_4_states,high_vol,425093,2.284608309240566,1.0
HMM,BTCUSDT,1m,hmm_4_states,low_vol,470770,1.8471950209231685,1.0
HMM,BTCUSDT,1m,hmm_4_states,medium_vol,582966,1.910754658076114,1.0
HMM,BTCUSDT,5m,hmm_2_states,high_vol,58584,2.3704936501433838,1.0
HMM,BTCUSDT,5m,hmm_2_states,low_vol,58585,8.397388410002561,3.0
HMM,DAX,1d,hmm_4_states,extreme_vol,180,2.433333333333333,1.0
HMM,DAX,1d,hmm_4_states,high_vol,761,1.431011826544021,1.0
HMM,DAX,1d,hmm_4_states,low_vol,743,1.4858681022880216,1.0
HMM,DAX,1d,hmm_4_states,medium_vol,930,1.5354838709677419,1.0
HMM,ETHUSDT,15m,hmm_4_states,extreme_vol,1,1.0,1.0
HMM,ETHUSDT,15m,hmm_4_states,high_vol,12578,1.946414374304341,1.0
HMM,ETHUSDT,15m,hmm_4_states,low_vol,33267,2.934409474854961,2.0
HMM,ETHUSDT,15m,hmm_4_states,medium_vol,41811,2.1089665399057664,1.0
HMM,ETHUSDT,1d,hmm_4_states,extreme_vol,1,1.0,1.0
HMM,ETHUSDT,1d,hmm_4_states,high_vol,250,1.836,1.0
HMM,ETHUSDT,1d,hmm_4_states,low_vol,450,1.9288888888888889,1.0
HMM,ETHUSDT,1d,hmm_4_states,medium_vol,485,1.7814432989690723,1.0
HMM,ETHUSDT,1h,hmm_4_states,extreme_vol,1,1.0,1.0
HMM,ETHUSDT,1h,hmm_4_states,high_vol,4212,1.8618233618233617,1.0
HMM,ETHUSDT,1h,hmm_4_states,low_vol,8962,2.519192144610578,2.0
HMM,ETHUSDT,1h,hmm_4_states,medium_vol,11241,1.9710879814963083,1.0
HMM,ETHUSDT,1m,hmm_4_states,extreme_vol,17174,1.0,1.0
HMM,ETHUSDT,1m,hmm_4_states,high_vol,209794,2.0722661277252925,1.0
HMM,ETHUSDT,1m,hmm_4_states,low_vol,471015,2.803723872912752,2.0
HMM,ETHUSDT,1m,hmm_4_states,medium_vol,614772,2.247394155882181,2.0
HMM,ETHUSDT,5m,hmm_4_states,extreme_vol,21112,1.9230769230769231,1.0
HMM,ETHUSDT,5m,hmm_4_states,high_vol,91585,2.032559917016979,1.0
HMM,ETHUSDT,5m,hmm_4_states,low_vol,107105,1.7659119555576304,1.0
HMM,ETHUSDT,5m,hmm_4_states,medium_vol,121139,1.7743583816937567,1.0
HMM,EURUSD,1d,hmm_4_states,extreme_vol,184,1.9619565217391304,1.0
HMM,EURUSD,1d,hmm_4_states,high_vol,554,1.3808664259927799,1.0
HMM,EURUSD,1d,hmm_4_states,low_vol,581,1.4130808950086058,1.0
HMM,EURUSD,1d,hmm_4_states,medium_vol,624,1.4679487179487178,1.0
HMM,GBPUSD,1d,hmm_4_states,extreme_vol,1,1.0,1.0
HMM,GBPUSD,1d,hmm_4_states,high_vol,208,2.480769230769231,1.0
HMM,GBPUSD,1d,hmm_4_states,low_vol,633,1.669826224328594,1.0
HMM,GBPUSD,1d,hmm_4_states,medium_vol,634,2.033123028391167,2.0
HMM,NASDAQ100,1d,hmm_4_states,extreme_vol,214,1.9158878504672898,1.0
HMM,NASDAQ100,1d,hmm_4_states,high_vol,768,1.43359375,1.0
HMM,NASDAQ100,1d,hmm_4_states,low_vol,776,1.5,1.0
HMM,NASDAQ100,1d,hmm_4_states,medium_vol,883,1.5277463193657985,1.0
HMM,SP500,1d,hmm_4_states,extreme_vol,149,2.0939597315436242,1.0
HMM,SP500,1d,hmm_4_states,high_vol,694,1.7146974063400577,1.0
HMM,SP500,1d,hmm_4_states,low_vol,765,1.7843137254901962,1.0
HMM,SP500,1d,hmm_4_states,medium_vol,768,1.5065104166666667,1.0
HMM,VIX,1d,hmm_4_states,extreme_vol,1,1.0,1.0
HMM,VIX,1d,hmm_4_states,high_vol,416,1.5192307692307692,1.0
HMM,VIX,1d,hmm_4_states,low_vol,857,1.8331388564760793,1.0
HMM,VIX,1d,hmm_4_states,medium_vol,960,1.8958333333333333,1.0
quantile,BTCUSDT,15m,quantile_2_rolling_240,high_vol,1179,89.17726887192536,51.0
quantile,BTCUSDT,15m,quantile_2_rolling_240,low_vol,1180,89.10169491525424,23.0
quantile,BTCUSDT,15m,quantile_2_rolling_30,high_vol,1179,89.17726887192536,51.0
quantile,BTCUSDT,15m,quantile_2_rolling_30,low_vol,1180,89.10169491525424,23.0
quantile,BTCUSDT,15m,quantile_2_rolling_60,high_vol,1179,89.17726887192536,51.0
quantile,BTCUSDT,15m,quantile_2_rolling_60,low_vol,1180,89.10169491525424,23.0
quantile,BTCUSDT,15m,quantile_3_rolling_240,high_vol,1011,69.33135509396637,37.0
quantile,BTCUSDT,15m,quantile_3_rolling_240,low_vol,1109,63.20378719567178,16.0
quantile,BTCUSDT,15m,quantile_3_rolling_240,medium_vol,2089,33.55337482048827,20.0
quantile,BTCUSDT,15m,quantile_3_rolling_30,high_vol,1011,69.33135509396637,37.0
quantile,BTCUSDT,15m,quantile_3_rolling_30,low_vol,1109,63.20378719567178,16.0
quantile,BTCUSDT,15m,quantile_3_rolling_30,medium_vol,2089,33.55337482048827,20.0
quantile,BTCUSDT,15m,quantile_3_rolling_60,high_vol,1011,69.33135509396637,37.0
quantile,BTCUSDT,15m,quantile_3_rolling_60,low_vol,1109,63.20378719567178,16.0
quantile,BTCUSDT,15m,quantile_3_rolling_60,medium_vol,2089,33.55337482048827,20.0
quantile,BTCUSDT,15m,quantile_4_rolling_240,extreme_vol,862,60.98607888631091,29.0
quantile,BTCUSDT,15m,quantile_4_rolling_240,high_vol,1995,26.350877192982455,16.0
quantile,BTCUSDT,15m,quantile_4_rolling_240,low_vol,904,58.152654867256636,18.0
quantile,BTCUSDT,15m,quantile_4_rolling_240,medium_vol,2043,25.73176700930005,14.0
quantile,BTCUSDT,15m,quantile_4_rolling_30,extreme_vol,862,60.98607888631091,29.0
quantile,BTCUSDT,15m,quantile_4_rolling_30,high_vol,1995,26.350877192982455,16.0
quantile,BTCUSDT,15m,quantile_4_rolling_30,low_vol,904,58.152654867256636,18.0
quantile,BTCUSDT,15m,quantile_4_rolling_30,medium_vol,2043,25.73176700930005,14.0
quantile,BTCUSDT,15m,quantile_4_rolling_60,extreme_vol,862,60.98607888631091,29.0
quantile,BTCUSDT,15m,quantile_4_rolling_60,high_vol,1995,26.350877192982455,16.0
quantile,BTCUSDT,15m,quantile_4_rolling_60,low_vol,904,58.152654867256636,18.0
quantile,BTCUSDT,15m,quantile_4_rolling_60,medium_vol,2043,25.73176700930005,14.0
quantile,BTCUSDT,1d,quantile_2_rolling_240,high_vol,20,54.8,29.0
quantile,BTCUSDT,1d,quantile_2_rolling_240,low_vol,20,54.8,6.5
quantile,BTCUSDT,1d,quantile_2_rolling_30,high_vol,20,54.8,29.0
quantile,BTCUSDT,1d,quantile_2_rolling_30,low_vol,20,54.8,6.5
quantile,BTCUSDT,1d,quantile_2_rolling_60,high_vol,20,54.8,29.0
quantile,BTCUSDT,1d,quantile_2_rolling_60,low_vol,20,54.8,6.5
quantile,BTCUSDT,1d,quantile_3_rolling_240,high_vol,19,38.473684210526315,7.0
quantile,BTCUSDT,1d,quantile_3_rolling_240,low_vol,16,45.6875,20.0
quantile,BTCUSDT,1d,quantile_3_rolling_240,medium_vol,35,20.857142857142858,13.0
quantile,BTCUSDT,1d,quantile_3_rolling_30,high_vol,19,38.473684210526315,7.0
quantile,BTCUSDT,1d,quantile_3_rolling_30,low_vol,16,45.6875,20.0
quantile,BTCUSDT,1d,quantile_3_rolling_30,medium_vol,35,20.857142857142858,13.0
quantile,BTCUSDT,1d,quantile_3_rolling_60,high_vol,19,38.473684210526315,7.0
quantile,BTCUSDT,1d,quantile_3_rolling_60,low_vol,16,45.6875,20.0
quantile,BTCUSDT,1d,quantile_3_rolling_60,medium_vol,35,20.857142857142858,13.0
quantile,BTCUSDT,1d,quantile_4_rolling_240,extreme_vol,14,39.142857142857146,13.5
quantile,BTCUSDT,1d,quantile_4_rolling_240,high_vol,34,16.11764705882353,7.5
quantile,BTCUSDT,1d,quantile_4_rolling_240,low_vol,19,28.842105263157894,6.0
quantile,BTCUSDT,1d,quantile_4_rolling_240,medium_vol,38,14.421052631578947,6.0
quantile,BTCUSDT,1d,quantile_4_rolling_30,extreme_vol,14,39.142857142857146,13.5
quantile,BTCUSDT,1d,quantile_4_rolling_30,high_vol,34,16.11764705882353,7.5
quantile,BTCUSDT,1d,quantile_4_rolling_30,low_vol,19,28.842105263157894,6.0
quantile,BTCUSDT,1d,quantile_4_rolling_30,medium_vol,38,14.421052631578947,6.0
quantile,BTCUSDT,1d,quantile_4_rolling_60,extreme_vol,14,39.142857142857146,13.5
quantile,BTCUSDT,1d,quantile_4_rolling_60,high_vol,34,16.11764705882353,7.5
quantile,BTCUSDT,1d,quantile_4_rolling_60,low_vol,19,28.842105263157894,6.0
quantile,BTCUSDT,1d,quantile_4_rolling_60,medium_vol,38,14.421052631578947,6.0
quantile,BTCUSDT,1h,quantile_2_rolling_240,high_vol,316,83.19303797468355,45.5
quantile,BTCUSDT,1h,quantile_2_rolling_240,low_vol,317,82.92744479495268,27.0
quantile,BTCUSDT,1h,quantile_2_rolling_30,high_vol,316,83.19303797468355,45.5
quantile,BTCUSDT,1h,quantile_2_rolling_30,low_vol,317,82.92744479495268,27.0
quantile,BTCUSDT,1h,quantile_2_rolling_60,high_vol,316,83.19303797468355,45.5
quantile,BTCUSDT,1h,quantile_2_rolling_60,low_vol,317,82.92744479495268,27.0
quantile,BTCUSDT,1h,quantile_3_rolling_240,high_vol,294,59.61224489795919,23.5
quantile,BTCUSDT,1h,quantile_3_rolling_240,low_vol,316,55.462025316455694,18.0
quantile,BTCUSDT,1h,quantile_3_rolling_240,medium_vol,598,29.306020066889634,16.0
quantile,BTCUSDT,1h,quantile_3_rolling_30,high_vol,294,59.61224489795919,23.5
quantile,BTCUSDT,1h,quantile_3_rolling_30,low_vol,316,55.462025316455694,18.0
quantile,BTCUSDT,1h,quantile_3_rolling_30,medium_vol,598,29.306020066889634,16.0
quantile,BTCUSDT,1h,quantile_3_rolling_60,high_vol,294,59.61224489795919,23.5
quantile,BTCUSDT,1h,quantile_3_rolling_60,low_vol,316,55.462025316455694,18.0
quantile,BTCUSDT,1h,quantile_3_rolling_60,medium_vol,598,29.306020066889634,16.0
quantile,BTCUSDT,1h,quantile_4_rolling_240,extreme_vol,220,59.75,28.0
quantile,BTCUSDT,1h,quantile_4_rolling_240,high_vol,521,25.228406909788866,15.0
quantile,BTCUSDT,1h,quantile_4_rolling_240,low_vol,294,44.70748299319728,16.0
quantile,BTCUSDT,1h,quantile_4_rolling_240,medium_vol,598,21.97993311036789,16.0
quantile,BTCUSDT,1h,quantile_4_rolling_30,extreme_vol,220,59.75,28.0
quantile,BTCUSDT,1h,quantile_4_rolling_30,high_vol,521,25.228406909788866,15.0
quantile,BTCUSDT,1h,quantile_4_rolling_30,low_vol,294,44.70748299319728,16.0
quantile,BTCUSDT,1h,quantile_4_rolling_30,medium_vol,598,21.97993311036789,16.0
quantile,BTCUSDT,1h,quantile_4_rolling_60,extreme_vol,220,59.75,28.0
quantile,BTCUSDT,1h,quantile_4_rolling_60,high_vol,521,25.228406909788866,15.0
quantile,BTCUSDT,1h,quantile_4_rolling_60,low_vol,294,44.70748299319728,16.0
quantile,BTCUSDT,1h,quantile_4_rolling_60,medium_vol,598,21.97993311036789,16.0
quantile,BTCUSDT,1m,quantile_2_rolling_240,high_vol,13329,118.31930377372646,24.0
quantile,BTCUSDT,1m,quantile_2_rolling_240,low_vol,13330,118.31035258814704,13.0
quantile,BTCUSDT,1m,quantile_2_rolling_30,high_vol,13329,118.31930377372646,24.0
quantile,BTCUSDT,1m,quantile_2_rolling_30,low_vol,13330,118.31035258814704,13.0
quantile,BTCUSDT,1m,quantile_2_rolling_60,high_vol,13329,118.31930377372646,24.0
quantile,BTCUSDT,1m,quantile_2_rolling_60,low_vol,13330,118.31035258814704,13.0
quantile,BTCUSDT,1m,quantile_3_rolling_240,high_vol,11915,88.2404532102392,24.0
quantile,BTCUSDT,1m,quantile_3_rolling_240,low_vol,12230,85.96770237121831,11.0
quantile,BTCUSDT,1m,quantile_3_rolling_240,medium_vol,24027,43.758480043284635,16.0
quantile,BTCUSDT,1m,quantile_3_rolling_30,high_vol,11915,88.2404532102392,24.0
quantile,BTCUSDT,1m,quantile_3_rolling_30,low_vol,12230,85.96770237121831,11.0
quantile,BTCUSDT,1m,quantile_3_rolling_30,medium_vol,24027,43.758480043284635,16.0
quantile,BTCUSDT,1m,quantile_3_rolling_60,high_vol,11915,88.2404532102392,24.0
quantile,BTCUSDT,1m,quantile_3_rolling_60,low_vol,12230,85.96770237121831,11.0
quantile,BTCUSDT,1m,quantile_3_rolling_60,medium_vol,24027,43.758480043284635,16.0
quantile,BTCUSDT,1m,quantile_4_rolling_240,extreme_vol,10143,77.74218672976437,27.0
quantile,BTCUSDT,1m,quantile_4_rolling_240,high_vol,23270,33.88650623119897,15.0
quantile,BTCUSDT,1m,quantile_4_rolling_240,low_vol,10563,74.65104610432643,10.0
quantile,BTCUSDT,1m,quantile_4_rolling_240,medium_vol,23757,33.19181714862988,13.0
quantile,BTCUSDT,1m,quantile_4_rolling_30,extreme_vol,10143,77.74218672976437,27.0
quantile,BTCUSDT,1m,quantile_4_rolling_30,high_vol,23270,33.88650623119897,15.0
quantile,BTCUSDT,1m,quantile_4_rolling_30,low_vol,10563,74.65104610432643,10.0
quantile,BTCUSDT,1m,quantile_4_rolling_30,medium_vol,23757,33.19181714862988,13.0
quantile,BTCUSDT,1m,quantile_4_rolling_60,extreme_vol,10143,77.74218672976437,27.0
quantile,BTCUSDT,1m,quantile_4_rolling_60,high_vol,23270,33.88650623119897,15.0
quantile,BTCUSDT,1m,quantile_4_rolling_60,low_vol,10563,74.65104610432643,10.0
quantile,BTCUSDT,1m,quantile_4_rolling_60,medium_vol,23757,33.19181714862988,13.0
quantile,BTCUSDT,5m,quantile_2_rolling_240,high_vol,3092,102.01067270375162,50.0
quantile,BTCUSDT,5m,quantile_2_rolling_240,low_vol,3093,101.97769156159069,22.0
quantile,BTCUSDT,5m,quantile_2_rolling_30,high_vol,3092,102.01067270375162,50.0
quantile,BTCUSDT,5m,quantile_2_rolling_30,low_vol,3093,101.97769156159069,22.0
quantile,BTCUSDT,5m,quantile_2_rolling_60,high_vol,3092,102.01067270375162,50.0
quantile,BTCUSDT,5m,quantile_2_rolling_60,low_vol,3093,101.97769156159069,22.0
quantile,BTCUSDT,5m,quantile_3_rolling_240,high_vol,2788,75.42252510760402,39.5
quantile,BTCUSDT,5m,quantile_3_rolling_240,low_vol,2825,74.43469026548672,17.0
quantile,BTCUSDT,5m,quantile_3_rolling_240,medium_vol,5573,37.731562892517495,20.0
quantile,BTCUSDT,5m,quantile_3_rolling_30,high_vol,2788,75.42252510760402,39.5
quantile,BTCUSDT,5m,quantile_3_rolling_30,low_vol,2825,74.43469026548672,17.0
quantile,BTCUSDT,5m,quantile_3_rolling_30,medium_vol,5573,37.731562892517495,20.0
quantile,BTCUSDT,5m,quantile_3_rolling_60,high_vol,2788,75.42252510760402,39.5
quantile,BTCUSDT,5m,quantile_3_rolling_60,low_vol,2825,74.43469026548672,17.0
quantile,BTCUSDT,5m,quantile_3_rolling_60,medium_vol,5573,37.731562892517495,20.0
quantile,BTCUSDT,5m,quantile_4_rolling_240,extreme_vol,2317,68.06603366422098,36.0
quantile,BTCUSDT,5m,quantile_4_rolling_240,high_vol,5320,29.644360902255638,17.0
quantile,BTCUSDT,5m,quantile_4_rolling_240,low_vol,2358,66.88252756573367,16.0
quantile,BTCUSDT,5m,quantile_4_rolling_240,medium_vol,5405,29.178168362627197,16.0
quantile,BTCUSDT,5m,quantile_4_rolling_30,extreme_vol,2317,68.06603366422098,36.0
quantile,BTCUSDT,5m,quantile_4_rolling_30,high_vol,5320,29.644360902255638,17.0
quantile,BTCUSDT,5m,quantile_4_rolling_30,low_vol,2358,66.88252756573367,16.0
quantile,BTCUSDT,5m,quantile_4_rolling_30,medium_vol,5405,29.178168362627197,16.0
quantile,BTCUSDT,5m,quantile_4_rolling_60,extreme_vol,2317,68.06603366422098,36.0
quantile,BTCUSDT,5m,quantile_4_rolling_60,high_vol,5320,29.644360902255638,17.0
quantile,BTCUSDT,5m,quantile_4_rolling_60,low_vol,2358,66.88252756573367,16.0
quantile,BTCUSDT,5m,quantile_4_rolling_60,medium_vol,5405,29.178168362627197,16.0
quantile,DAX,1d,quantile_2_rolling_240,high_vol,35,58.0,10.0
quantile,DAX,1d,quantile_2_rolling_240,low_vol,35,57.97142857142857,8.0
quantile,DAX,1d,quantile_2_rolling_30,high_vol,35,58.0,10.0
quantile,DAX,1d,quantile_2_rolling_30,low_vol,35,57.97142857142857,8.0
quantile,DAX,1d,quantile_2_rolling_60,high_vol,35,58.0,10.0
quantile,DAX,1d,quantile_2_rolling_60,low_vol,35,57.97142857142857,8.0
quantile,DAX,1d,quantile_3_rolling_240,high_vol,24,56.375,5.5
quantile,DAX,1d,quantile_3_rolling_240,low_vol,31,43.645161290322584,19.0
quantile,DAX,1d,quantile_3_rolling_240,medium_vol,55,24.6,16.0
quantile,DAX,1d,quantile_3_rolling_30,high_vol,24,56.375,5.5
quantile,DAX,1d,quantile_3_rolling_30,low_vol,31,43.645161290322584,19.0
quantile,DAX,1d,quantile_3_rolling_30,medium_vol,55,24.6,16.0
quantile,DAX,1d,quantile_3_rolling_60,high_vol,24,56.375,5.5
quantile,DAX,1d,quantile_3_rolling_60,low_vol,31,43.645161290322584,19.0
quantile,DAX,1d,quantile_3_rolling_60,medium_vol,55,24.6,16.0
quantile,DAX,1d,quantile_4_rolling_240,extreme_vol,26,39.03846153846154,10.0
quantile,DAX,1d,quantile_4_rolling_240,high_vol,61,16.639344262295083,6.0
quantile,DAX,1d,quantile_4_rolling_240,low_vol,29,35.0,14.0
quantile,DAX,1d,quantile_4_rolling_240,medium_vol,63,16.095238095238095,9.0
quantile,DAX,1d,quantile_4_rolling_30,extreme_vol,26,39.03846153846154,10.0
quantile,DAX,1d,quantile_4_rolling_30,high_vol,61,16.639344262295083,6.0
quantile,DAX,1d,quantile_4_rolling_30,low_vol,29,35.0,14.0
quantile,DAX,1d,quantile_4_rolling_30,medium_vol,63,16.095238095238095,9.0
quantile,DAX,1d,quantile_4_rolling_60,extreme_vol,26,39.03846153846154,10.0
quantile,DAX,1d,quantile_4_rolling_60,high_vol,61,16.639344262295083,6.0
quantile,DAX,1d,quantile_4_rolling_60,low_vol,29,35.0,14.0
quantile,DAX,1d,quantile_4_rolling_60,medium_vol,63,16.095238095238095,9.0
quantile,ETHUSDT,15m,quantile_2_rolling_240,high_vol,1207,87.10853355426677,33.0
quantile,ETHUSDT,15m,quantile_2_rolling_240,low_vol,1208,87.0364238410596,19.5
quantile,ETHUSDT,15m,quantile_2_rolling_30,high_vol,1207,87.10853355426677,33.0
quantile,ETHUSDT,15m,quantile_2_rolling_30,low_vol,1208,87.0364238410596,19.5
quantile,ETHUSDT,15m,quantile_2_rolling_60,high_vol,1207,87.10853355426677,33.0
quantile,ETHUSDT,15m,quantile_2_rolling_60,low_vol,1208,87.0364238410596,19.5
quantile,ETHUSDT,15m,quantile_3_rolling_240,high_vol,1072,65.38619402985074,27.0
quantile,ETHUSDT,15m,quantile_3_rolling_240,low_vol,1134,61.810405643738974,15.0
quantile,ETHUSDT,15m,quantile_3_rolling_240,medium_vol,2181,32.138010087116,17.0
quantile,ETHUSDT,15m,quantile_3_rolling_30,high_vol,1072,65.38619402985074,27.0
quantile,ETHUSDT,15m,quantile_3_rolling_30,low_vol,1134,61.810405643738974,15.0
quantile,ETHUSDT,15m,quantile_3_rolling_30,medium_vol,2181,32.138010087116,17.0
quantile,ETHUSDT,15m,quantile_3_rolling_60,high_vol,1072,65.38619402985074,27.0
quantile,ETHUSDT,15m,quantile_3_rolling_60,low_vol,1134,61.810405643738974,15.0
quantile,ETHUSDT,15m,quantile_3_rolling_60,medium_vol,2181,32.138010087116,17.0
quantile,ETHUSDT,15m,quantile_4_rolling_240,extreme_vol,907,57.960308710033075,23.0
quantile,ETHUSDT,15m,quantile_4_rolling_240,high_vol,2072,25.37162162162162,14.0
quantile,ETHUSDT,15m,quantile_4_rolling_240,low_vol,878,59.874715261959,19.0
quantile,ETHUSDT,15m,quantile_4_rolling_240,medium_vol,2037,25.807560137457045,15.0
quantile,ETHUSDT,15m,quantile_4_rolling_30,extreme_vol,907,57.960308710033075,23.0
quantile,ETHUSDT,15m,quantile_4_rolling_30,high_vol,2072,25.37162162162162,14.0
quantile,ETHUSDT,15m,quantile_4_rolling_30,low_vol,878,59.874715261959,19.0
quantile,ETHUSDT,15m,quantile_4_rolling_30,medium_vol,2037,25.807560137457045,15.0
quantile,ETHUSDT,15m,quantile_4_rolling_60,extreme_vol,907,57.960308710033075,23.0
quantile,ETHUSDT,15m,quantile_4_rolling_60,high_vol,2072,25.37162162162162,14.0
quantile,ETHUSDT,15m,quantile_4_rolling_60,low_vol,878,59.874715261959,19.0
quantile,ETHUSDT,15m,quantile_4_rolling_60,medium_vol,2037,25.807560137457045,15.0
quantile,ETHUSDT,1d,quantile_2_rolling_240,high_vol,29,37.793103448275865,4.0
quantile,ETHUSDT,1d,quantile_2_rolling_240,low_vol,29,37.793103448275865,12.0
quantile,ETHUSDT,1d,quantile_2_rolling_30,high_vol,29,37.793103448275865,4.0
quantile,ETHUSDT,1d,quantile_2_rolling_30,low_vol,29,37.793103448275865,12.0
quantile,ETHUSDT,1d,quantile_2_rolling_60,high_vol,29,37.793103448275865,4.0
quantile,ETHUSDT,1d,quantile_2_rolling_60,low_vol,29,37.793103448275865,12.0
quantile,ETHUSDT,1d,quantile_3_rolling_240,high_vol,20,36.55,15.5
quantile,ETHUSDT,1d,quantile_3_rolling_240,low_vol,17,43.0,10.0
quantile,ETHUSDT,1d,quantile_3_rolling_240,medium_vol,37,19.72972972972973,6.0
quantile,ETHUSDT,1d,quantile_3_rolling_30,high_vol,20,36.55,15.5
quantile,ETHUSDT,1d,quantile_3_rolling_30,low_vol,17,43.0,10.0
quantile,ETHUSDT,1d,quantile_3_rolling_30,medium_vol,37,19.72972972972973,6.0
quantile,ETHUSDT,1d,quantile_3_rolling_60,high_vol,20,36.55,15.5
quantile,ETHUSDT,1d,quantile_3_rolling_60,low_vol,17,43.0,10.0
quantile,ETHUSDT,1d,quantile_3_rolling_60,medium_vol,37,19.72972972972973,6.0
quantile,ETHUSDT,1d,quantile_4_rolling_240,extreme_vol,21,26.095238095238095,7.0
quantile,ETHUSDT,1d,quantile_4_rolling_240,high_vol,50,10.96,4.0
quantile,ETHUSDT,1d,quantile_4_rolling_240,low_vol,17,32.23529411764706,3.0
quantile,ETHUSDT,1d,quantile_4_rolling_240,medium_vol,45,12.177777777777777,7.0
quantile,ETHUSDT,1d,quantile_4_rolling_30,extreme_vol,21,26.095238095238095,7.0
quantile,ETHUSDT,1d,quantile_4_rolling_30,high_vol,50,10.96,4.0
quantile,ETHUSDT,1d,quantile_4_rolling_30,low_vol,17,32.23529411764706,3.0
quantile,ETHUSDT,1d,quantile_4_rolling_30,medium_vol,45,12.177777777777777,7.0
quantile,ETHUSDT,1d,quantile_4_rolling_60,extreme_vol,21,26.095238095238095,7.0
quantile,ETHUSDT,1d,quantile_4_rolling_60,high_vol,50,10.96,4.0
quantile,ETHUSDT,1d,quantile_4_rolling_60,low_vol,17,32.23529411764706,3.0
quantile,ETHUSDT,1d,quantile_4_rolling_60,medium_vol,45,12.177777777777777,7.0
quantile,ETHUSDT,1h,quantile_2_rolling_240,high_vol,339,77.54867256637168,41.0
quantile,ETHUSDT,1h,quantile_2_rolling_240,low_vol,340,77.31764705882352,20.0
quantile,ETHUSDT,1h,quantile_2_rolling_30,high_vol,339,77.54867256637168,41.0
quantile,ETHUSDT,1h,quantile_2_rolling_30,low_vol,340,77.31764705882352,20.0
quantile,ETHUSDT,1h,quantile_2_rolling_60,high_vol,339,77.54867256637168,41.0
quantile,ETHUSDT,1h,quantile_2_rolling_60,low_vol,340,77.31764705882352,20.0
quantile,ETHUSDT,1h,quantile_3_rolling_240,high_vol,327,53.596330275229356,16.0
quantile,ETHUSDT,1h,quantile_3_rolling_240,low_vol,283,61.92932862190813,21.0
quantile,ETHUSDT,1h,quantile_3_rolling_240,medium_vol,601,29.15973377703827,16.0
quantile,ETHUSDT,1h,quantile_3_rolling_30,high_vol,327,53.596330275229356,16.0
quantile,ETHUSDT,1h,quantile_3_rolling_30,low_vol,283,61.92932862190813,21.0
quantile,ETHUSDT,1h,quantile_3_rolling_30,medium_vol,601,29.15973377703827,16.0
quantile,ETHUSDT,1h,quantile_3_rolling_60,high_vol,327,53.596330275229356,16.0
quantile,ETHUSDT,1h,quantile_3_rolling_60,low_vol,283,61.92932862190813,21.0
quantile,ETHUSDT,1h,quantile_3_rolling_60,medium_vol,601,29.15973377703827,16.0
quantile,ETHUSDT,1h,quantile_4_rolling_240,extreme_vol,272,48.32720588235294,16.5
quantile,ETHUSDT,1h,quantile_4_rolling_240,high_vol,594,22.127946127946128,13.0
quantile,ETHUSDT,1h,quantile_4_rolling_240,low_vol,279,47.111111111111114,13.0
quantile,ETHUSDT,1h,quantile_4_rolling_240,medium_vol,593,22.165261382799326,14.0
quantile,ETHUSDT,1h,quantile_4_rolling_30,extreme_vol,272,48.32720588235294,16.5
quantile,ETHUSDT,1h,quantile_4_rolling_30,high_vol,594,22.127946127946128,13.0
quantile,ETHUSDT,1h,quantile_4_rolling_30,low_vol,279,47.111111111111114,13.0
quantile,ETHUSDT,1h,quantile_4_rolling_30,medium_vol,593,22.165261382799326,14.0
quantile,ETHUSDT,1h,quantile_4_rolling_60,extreme_vol,272,48.32720588235294,16.5
quantile,ETHUSDT,1h,quantile_4_rolling_60,high_vol,594,22.127946127946128,13.0
quantile,ETHUSDT,1h,quantile_4_rolling_60,low_vol,279,47.111111111111114,13.0
quantile,ETHUSDT,1h,quantile_4_rolling_60,medium_vol,593,22.165261382799326,14.0
quantile,ETHUSDT,1m,quantile_2_rolling_240,high_vol,14361,109.81665622171158,21.0
quantile,ETHUSDT,1m,quantile_2_rolling_240,low_vol,14362,109.80900988720234,13.0
quantile,ETHUSDT,1m,quantile_2_rolling_30,high_vol,14361,109.81665622171158,21.0
quantile,ETHUSDT,1m,quantile_2_rolling_30,low_vol,14362,109.80900988720234,13.0
quantile,ETHUSDT,1m,quantile_2_rolling_60,high_vol,14361,109.81665622171158,21.0
quantile,ETHUSDT,1m,quantile_2_rolling_60,low_vol,14362,109.80900988720234,13.0
quantile,ETHUSDT,1m,quantile_3_rolling_240,high_vol,12810,82.07533177205309,22.0
quantile,ETHUSDT,1m,quantile_3_rolling_240,low_vol,12899,81.50903170788433,11.0
quantile,ETHUSDT,1m,quantile_3_rolling_240,medium_vol,25577,41.10661922821285,15.0
quantile,ETHUSDT,1m,quantile_3_rolling_30,high_vol,12810,82.07533177205309,22.0
quantile,ETHUSDT,1m,quantile_3_rolling_30,low_vol,12899,81.50903170788433,11.0
quantile,ETHUSDT,1m,quantile_3_rolling_30,medium_vol,25577,41.10661922821285,15.0
quantile,ETHUSDT,1m,quantile_3_rolling_60,high_vol,12810,82.07533177205309,22.0
quantile,ETHUSDT,1m,quantile_3_rolling_60,low_vol,12899,81.50903170788433,11.0
quantile,ETHUSDT,1m,quantile_3_rolling_60,medium_vol,25577,41.10661922821285,15.0
quantile,ETHUSDT,1m,quantile_4_rolling_240,extreme_vol,10881,72.46935024354379,23.0
quantile,ETHUSDT,1m,quantile_4_rolling_240,high_vol,25012,31.52638733407964,14.0
quantile,ETHUSDT,1m,quantile_4_rolling_240,low_vol,11261,70.0238877541959,10.0
quantile,ETHUSDT,1m,quantile_4_rolling_240,medium_vol,25459,30.972858321222358,12.0
quantile,ETHUSDT,1m,quantile_4_rolling_30,extreme_vol,10881,72.46935024354379,23.0
quantile,ETHUSDT,1m,quantile_4_rolling_30,high_vol,25012,31.52638733407964,14.0
quantile,ETHUSDT,1m,quantile_4_rolling_30,low_vol,11261,70.0238877541959,10.0
quantile,ETHUSDT,1m,quantile_4_rolling_30,medium_vol,25459,30.972858321222358,12.0
quantile,ETHUSDT,1m,quantile_4_rolling_60,extreme_vol,10881,72.46935024354379,23.0
quantile,ETHUSDT,1m,quantile_4_rolling_60,high_vol,25012,31.52638733407964,14.0
quantile,ETHUSDT,1m,quantile_4_rolling_60,low_vol,11261,70.0238877541959,10.0
quantile,ETHUSDT,1m,quantile_4_rolling_60,medium_vol,25459,30.972858321222358,12.0
quantile,ETHUSDT,5m,quantile_2_rolling_240,high_vol,3235,97.50139103554869,45.0
quantile,ETHUSDT,5m,quantile_2_rolling_240,low_vol,3236,97.471260815822,19.5
quantile,ETHUSDT,5m,quantile_2_rolling_30,high_vol,3235,97.50139103554869,45.0
quantile,ETHUSDT,5m,quantile_2_rolling_30,low_vol,3236,97.471260815822,19.5
quantile,ETHUSDT,5m,quantile_2_rolling_60,high_vol,3235,97.50139103554869,45.0
quantile,ETHUSDT,5m,quantile_2_rolling_60,low_vol,3236,97.471260815822,19.5
quantile,ETHUSDT,5m,quantile_3_rolling_240,high_vol,2839,74.06762944698838,33.0
quantile,ETHUSDT,5m,quantile_3_rolling_240,low_vol,2929,71.7917377944691,15.0
quantile,ETHUSDT,5m,quantile_3_rolling_240,medium_vol,5710,36.826269702276704,19.0
quantile,ETHUSDT,5m,quantile_3_rolling_30,high_vol,2839,74.06762944698838,33.0
quantile,ETHUSDT,5m,quantile_3_rolling_30,low_vol,2929,71.7917377944691,15.0
quantile,ETHUSDT,5m,quantile_3_rolling_30,medium_vol,5710,36.826269702276704,19.0
quantile,ETHUSDT,5m,quantile_3_rolling_60,high_vol,2839,74.06762944698838,33.0
quantile,ETHUSDT,5m,quantile_3_rolling_60,low_vol,2929,71.7917377944691,15.0
quantile,ETHUSDT,5m,quantile_3_rolling_60,medium_vol,5710,36.826269702276704,19.0
quantile,ETHUSDT,5m,quantile_4_rolling_240,extreme_vol,2455,64.2399185336049,27.0
quantile,ETHUSDT,5m,quantile_4_rolling_240,high_vol,5596,28.18227305218013,15.0
quantile,ETHUSDT,5m,quantile_4_rolling_240,low_vol,2522,62.53330689928628,15.0
quantile,ETHUSDT,5m,quantile_4_rolling_240,medium_vol,5680,27.765492957746478,14.0
quantile,ETHUSDT,5m,quantile_4_rolling_30,extreme_vol,2455,64.2399185336049,27.0
quantile,ETHUSDT,5m,quantile_4_rolling_30,high_vol,5596,28.18227305218013,15.0
quantile,ETHUSDT,5m,quantile_4_rolling_30,low_vol,2522,62.53330689928628,15.0
quantile,ETHUSDT,5m,quantile_4_rolling_30,medium_vol,5680,27.765492957746478,14.0
quantile,ETHUSDT,5m,quantile_4_rolling_60,extreme_vol,2455,64.2399185336049,27.0
quantile,ETHUSDT,5m,quantile_4_rolling_60,high_vol,5596,28.18227305218013,15.0
quantile,ETHUSDT,5m,quantile_4_rolling_60,low_vol,2522,62.53330689928628,15.0
quantile,ETHUSDT,5m,quantile_4_rolling_60,medium_vol,5680,27.765492957746478,14.0
quantile,EURUSD,1d,quantile_2_rolling_240,high_vol,31,46.193548387096776,6.0
quantile,EURUSD,1d,quantile_2_rolling_240,low_vol,31,46.16129032258065,7.0
quantile,EURUSD,1d,quantile_2_rolling_30,high_vol,31,46.193548387096776,6.0
quantile,EURUSD,1d,quantile_2_rolling_30,low_vol,31,46.16129032258065,7.0
quantile,EURUSD,1d,quantile_2_rolling_60,high_vol,31,46.193548387096776,6.0
quantile,EURUSD,1d,quantile_2_rolling_60,low_vol,31,46.16129032258065,7.0
quantile,EURUSD,1d,quantile_3_rolling_240,high_vol,16,59.6875,6.5
quantile,EURUSD,1d,quantile_3_rolling_240,low_vol,27,35.333333333333336,6.0
quantile,EURUSD,1d,quantile_3_rolling_240,medium_vol,42,22.714285714285715,6.0
quantile,EURUSD,1d,quantile_3_rolling_30,high_vol,16,59.6875,6.5
quantile,EURUSD,1d,quantile_3_rolling_30,low_vol,27,35.333333333333336,6.0
quantile,EURUSD,1d,quantile_3_rolling_30,medium_vol,42,22.714285714285715,6.0
quantile,EURUSD,1d,quantile_3_rolling_60,high_vol,16,59.6875,6.5
quantile,EURUSD,1d,quantile_3_rolling_60,low_vol,27,35.333333333333336,6.0
quantile,EURUSD,1d,quantile_3_rolling_60,medium_vol,42,22.714285714285715,6.0
quantile,EURUSD,1d,quantile_4_rolling_240,extreme_vol,15,47.733333333333334,11.0
quantile,EURUSD,1d,quantile_4_rolling_240,high_vol,44,16.272727272727273,9.0
quantile,EURUSD,1d,quantile_4_rolling_240,low_vol,21,34.095238095238095,8.0
quantile,EURUSD,1d,quantile_4_rolling_240,medium_vol,51,14.019607843137255,7.0
quantile,EURUSD,1d,quantile_4_rolling_30,extreme_vol,15,47.733333333333334,11.0
quantile,EURUSD,1d,quantile_4_rolling_30,high_vol,44,16.272727272727273,9.0
quantile,EURUSD,1d,quantile_4_rolling_30,low_vol,21,34.095238095238095,8.0
quantile,EURUSD,1d,quantile_4_rolling_30,medium_vol,51,14.019607843137255,7.0
quantile,EURUSD,1d,quantile_4_rolling_60,extreme_vol,15,47.733333333333334,11.0
quantile,EURUSD,1d,quantile_4_rolling_60,high_vol,44,16.272727272727273,9.0
quantile,EURUSD,1d,quantile_4_rolling_60,low_vol,21,34.095238095238095,8.0
quantile,EURUSD,1d,quantile_4_rolling_60,medium_vol,51,14.019607843137255,7.0
quantile,GBPUSD,1d,quantile_2_rolling_240,high_vol,24,59.666666666666664,21.0
quantile,GBPUSD,1d,quantile_2_rolling_240,low_vol,24,59.625,14.0
quantile,GBPUSD,1d,quantile_2_rolling_30,high_vol,24,59.666666666666664,21.0
quantile,GBPUSD,1d,quantile_2_rolling_30,low_vol,24,59.625,14.0
quantile,GBPUSD,1d,quantile_2_rolling_60,high_vol,24,59.666666666666664,21.0
quantile,GBPUSD,1d,quantile_2_rolling_60,low_vol,24,59.625,14.0
quantile,GBPUSD,1d,quantile_3_rolling_240,high_vol,39,24.487179487179485,5.0
quantile,GBPUSD,1d,quantile_3_rolling_240,low_vol,32,29.8125,5.0
quantile,GBPUSD,1d,quantile_3_rolling_240,medium_vol,70,13.628571428571428,5.0
quantile,GBPUSD,1d,quantile_3_rolling_30,high_vol,39,24.487179487179485,5.0
quantile,GBPUSD,1d,quantile_3_rolling_30,low_vol,32,29.8125,5.0
quantile,GBPUSD,1d,quantile_3_rolling_30,medium_vol,70,13.628571428571428,5.0
quantile,GBPUSD,1d,quantile_3_rolling_60,high_vol,39,24.487179487179485,5.0
quantile,GBPUSD,1d,quantile_3_rolling_60,low_vol,32,29.8125,5.0
quantile,GBPUSD,1d,quantile_3_rolling_60,medium_vol,70,13.628571428571428,5.0
quantile,GBPUSD,1d,quantile_4_rolling_240,extreme_vol,16,45.625,29.0
quantile,GBPUSD,1d,quantile_4_rolling_240,high_vol,39,18.0,13.0
quantile,GBPUSD,1d,quantile_4_rolling_240,low_vol,31,23.096774193548388,5.0
quantile,GBPUSD,1d,quantile_4_rolling_240,medium_vol,54,13.24074074074074,7.5
quantile,GBPUSD,1d,quantile_4_rolling_30,extreme_vol,16,45.625,29.0
quantile,GBPUSD,1d,quantile_4_rolling_30,high_vol,39,18.0,13.0
quantile,GBPUSD,1d,quantile_4_rolling_30,low_vol,31,23.096774193548388,5.0
quantile,GBPUSD,1d,quantile_4_rolling_30,medium_vol,54,13.24074074074074,7.5
quantile,GBPUSD,1d,quantile_4_rolling_60,extreme_vol,16,45.625,29.0
quantile,GBPUSD,1d,quantile_4_rolling_60,high_vol,39,18.0,13.0
quantile,GBPUSD,1d,quantile_4_rolling_60,low_vol,31,23.096774193548388,5.0
quantile,GBPUSD,1d,quantile_4_rolling_60,medium_vol,54,13.24074074074074,7.5
quantile,NASDAQ100,1d,quantile_2_rolling_240,high_vol,37,54.37837837837838,15.0
quantile,NASDAQ100,1d,quantile_2_rolling_240,low_vol,36,55.888888888888886,15.0
quantile,NASDAQ100,1d,quantile_2_rolling_30,high_vol,37,54.37837837837838,15.0
quantile,NASDAQ100,1d,quantile_2_rolling_30,low_vol,36,55.888888888888886,15.0
quantile,NASDAQ100,1d,quantile_2_rolling_60,high_vol,37,54.37837837837838,15.0
quantile,NASDAQ100,1d,quantile_2_rolling_60,low_vol,36,55.888888888888886,15.0
quantile,NASDAQ100,1d,quantile_3_rolling_240,high_vol,24,55.916666666666664,24.0
quantile,NASDAQ100,1d,quantile_3_rolling_240,low_vol,29,46.241379310344826,21.0
quantile,NASDAQ100,1d,quantile_3_rolling_240,medium_vol,53,25.30188679245283,14.0
quantile,NASDAQ100,1d,quantile_3_rolling_30,high_vol,24,55.916666666666664,24.0
quantile,NASDAQ100,1d,quantile_3_rolling_30,low_vol,29,46.241379310344826,21.0
quantile,NASDAQ100,1d,quantile_3_rolling_30,medium_vol,53,25.30188679245283,14.0
quantile,NASDAQ100,1d,quantile_3_rolling_60,high_vol,24,55.916666666666664,24.0
quantile,NASDAQ100,1d,quantile_3_rolling_60,low_vol,29,46.241379310344826,21.0
quantile,NASDAQ100,1d,quantile_3_rolling_60,medium_vol,53,25.30188679245283,14.0
quantile,NASDAQ100,1d,quantile_4_rolling_240,extreme_vol,13,77.38461538461539,57.0
quantile,NASDAQ100,1d,quantile_4_rolling_240,high_vol,50,20.12,13.5
quantile,NASDAQ100,1d,quantile_4_rolling_240,low_vol,44,22.863636363636363,7.5
quantile,NASDAQ100,1d,quantile_4_rolling_240,medium_vol,80,12.575,6.0
quantile,NASDAQ100,1d,quantile_4_rolling_30,extreme_vol,13,77.38461538461539,57.0
quantile,NASDAQ100,1d,quantile_4_rolling_30,high_vol,50,20.12,13.5
quantile,NASDAQ100,1d,quantile_4_rolling_30,low_vol,44,22.863636363636363,7.5
quantile,NASDAQ100,1d,quantile_4_rolling_30,medium_vol,80,12.575,6.0
quantile,NASDAQ100,1d,quantile_4_rolling_60,extreme_vol,13,77.38461538461539,57.0
quantile,NASDAQ100,1d,quantile_4_rolling_60,high_vol,50,20.12,13.5
quantile,NASDAQ100,1d,quantile_4_rolling_60,low_vol,44,22.863636363636363,7.5
quantile,NASDAQ100,1d,quantile_4_rolling_60,medium_vol,80,12.575,6.0
quantile,SP500,1d,quantile_2_rolling_240,high_vol,38,52.94736842105263,16.5
quantile,SP500,1d,quantile_2_rolling_240,low_vol,37,54.37837837837838,26.0
quantile,SP500,1d,quantile_2_rolling_30,high_vol,38,52.94736842105263,16.5
quantile,SP500,1d,quantile_2_rolling_30,low_vol,37,54.37837837837838,26.0
quantile,SP500,1d,quantile_2_rolling_60,high_vol,38,52.94736842105263,16.5
quantile,SP500,1d,quantile_2_rolling_60,low_vol,37,54.37837837837838,26.0
quantile,SP500,1d,quantile_3_rolling_240,high_vol,22,61.0,26.0
quantile,SP500,1d,quantile_3_rolling_240,low_vol,37,36.24324324324324,20.0
quantile,SP500,1d,quantile_3_rolling_240,medium_vol,59,22.728813559322035,14.0
quantile,SP500,1d,quantile_3_rolling_30,high_vol,22,61.0,26.0
quantile,SP500,1d,quantile_3_rolling_30,low_vol,37,36.24324324324324,20.0
quantile,SP500,1d,quantile_3_rolling_30,medium_vol,59,22.728813559322035,14.0
quantile,SP500,1d,quantile_3_rolling_60,high_vol,22,61.0,26.0
quantile,SP500,1d,quantile_3_rolling_60,low_vol,37,36.24324324324324,20.0
quantile,SP500,1d,quantile_3_rolling_60,medium_vol,59,22.728813559322035,14.0
quantile,SP500,1d,quantile_4_rolling_240,extreme_vol,16,62.875,52.5
quantile,SP500,1d,quantile_4_rolling_240,high_vol,54,18.62962962962963,9.0
quantile,SP500,1d,quantile_4_rolling_240,low_vol,35,28.742857142857144,12.0
quantile,SP500,1d,quantile_4_rolling_240,medium_vol,72,13.972222222222221,8.0
quantile,SP500,1d,quantile_4_rolling_30,extreme_vol,16,62.875,52.5
quantile,SP500,1d,quantile_4_rolling_30,high_vol,54,18.62962962962963,9.0
quantile,SP500,1d,quantile_4_rolling_30,low_vol,35,28.742857142857144,12.0
quantile,SP500,1d,quantile_4_rolling_30,medium_vol,72,13.972222222222221,8.0
quantile,SP500,1d,quantile_4_rolling_60,extreme_vol,16,62.875,52.5
quantile,SP500,1d,quantile_4_rolling_60,high_vol,54,18.62962962962963,9.0
quantile,SP500,1d,quantile_4_rolling_60,low_vol,35,28.742857142857144,12.0
quantile,SP500,1d,quantile_4_rolling_60,medium_vol,72,13.972222222222221,8.0
quantile,VIX,1d,quantile_2_rolling_240,high_vol,42,47.904761904761905,36.0
quantile,VIX,1d,quantile_2_rolling_240,low_vol,41,49.073170731707314,8.0
quantile,VIX,1d,quantile_2_rolling_30,high_vol,42,47.904761904761905,36.0
quantile,VIX,1d,quantile_2_rolling_30,low_vol,41,49.073170731707314,8.0
quantile,VIX,1d,quantile_2_rolling_60,high_vol,42,47.904761904761905,36.0
quantile,VIX,1d,quantile_2_rolling_60,low_vol,41,49.073170731707314,8.0
quantile,VIX,1d,quantile_3_rolling_240,high_vol,47,28.5531914893617,14.0
quantile,VIX,1d,quantile_3_rolling_240,low_vol,40,33.525,20.0
quantile,VIX,1d,quantile_3_rolling_240,medium_vol,86,15.593023255813954,9.0
quantile,VIX,1d,quantile_3_rolling_30,high_vol,47,28.5531914893617,14.0
quantile,VIX,1d,quantile_3_rolling_30,low_vol,40,33.525,20.0
quantile,VIX,1d,quantile_3_rolling_30,medium_vol,86,15.593023255813954,9.0
quantile,VIX,1d,quantile_3_rolling_60,high_vol,47,28.5531914893617,14.0
quantile,VIX,1d,quantile_3_rolling_60,low_vol,40,33.525,20.0
quantile,VIX,1d,quantile_3_rolling_60,medium_vol,86,15.593023255813954,9.0
quantile,VIX,1d,quantile_4_rolling_240,extreme_vol,36,27.944444444444443,17.0
quantile,VIX,1d,quantile_4_rolling_240,high_vol,70,14.371428571428572,8.0
quantile,VIX,1d,quantile_4_rolling_240,low_vol,43,23.3953488372093,10.0
quantile,VIX,1d,quantile_4_rolling_240,medium_vol,84,11.976190476190476,6.0
quantile,VIX,1d,quantile_4_rolling_30,extreme_vol,36,27.944444444444443,17.0
quantile,VIX,1d,quantile_4_rolling_30,high_vol,70,14.371428571428572,8.0
quantile,VIX,1d,quantile_4_rolling_30,low_vol,43,23.3953488372093,10.0
quantile,VIX,1d,quantile_4_rolling_30,medium_vol,84,11.976190476190476,6.0
quantile,VIX,1d,quantile_4_rolling_60,extreme_vol,36,27.944444444444443,17.0
quantile,VIX,1d,quantile_4_rolling_60,high_vol,70,14.371428571428572,8.0
quantile,VIX,1d,quantile_4_rolling_60,low_vol,43,23.3953488372093,10.0
quantile,VIX,1d,quantile_4_rolling_60,medium_vol,84,11.976190476190476,6.0
