method_family,asset,frequency,regime_method,regime_label,self_transition_probability
quantile,BTCUSDT,15m,quantile_2_rolling_30,high_vol,0.9887863800646757
quantile,BTCUSDT,15m,quantile_2_rolling_30,low_vol,0.9887862734094864
quantile,BTCUSDT,15m,quantile_3_rolling_30,high_vol,0.985576511541644
quantile,BTCUSDT,15m,quantile_3_rolling_30,low_vol,0.9841922045311876
quantile,BTCUSDT,15m,quantile_3_rolling_30,medium_vol,0.9701967386186923
quantile,BTCUSDT,15m,quantile_4_rolling_30,extreme_vol,0.9836028152938938
quantile,BTCUSDT,15m,quantile_4_rolling_30,low_vol,0.982822576042915
quantile,BTCUSDT,15m,quantile_4_rolling_30,high_vol,0.9620505992010653
quantile,BTCUSDT,15m,quantile_4_rolling_30,medium_vol,0.961137530911166
quantile,BTCUSDT,15m,quantile_2_rolling_60,high_vol,0.9887863800646757
quantile,BTCUSDT,15m,quantile_2_rolling_60,low_vol,0.9887862734094864
quantile,BTCUSDT,15m,quantile_3_rolling_60,high_vol,0.985576511541644
quantile,BTCUSDT,15m,quantile_3_rolling_60,low_vol,0.9841922045311876
quantile,BTCUSDT,15m,quantile_3_rolling_60,medium_vol,0.9701967386186923
quantile,BTCUSDT,15m,quantile_4_rolling_60,extreme_vol,0.9836028152938938
quantile,BTCUSDT,15m,quantile_4_rolling_60,low_vol,0.982822576042915
quantile,BTCUSDT,15m,quantile_4_rolling_60,high_vol,0.9620505992010653
quantile,BTCUSDT,15m,quantile_4_rolling_60,medium_vol,0.961137530911166
quantile,BTCUSDT,15m,quantile_2_rolling_240,high_vol,0.9887863800646757
quantile,BTCUSDT,15m,quantile_2_rolling_240,low_vol,0.9887862734094864
quantile,BTCUSDT,15m,quantile_3_rolling_240,high_vol,0.985576511541644
quantile,BTCUSDT,15m,quantile_3_rolling_240,low_vol,0.9841922045311876
quantile,BTCUSDT,15m,quantile_3_rolling_240,medium_vol,0.9701967386186923
quantile,BTCUSDT,15m,quantile_4_rolling_240,extreme_vol,0.9836028152938938
quantile,BTCUSDT,15m,quantile_4_rolling_240,low_vol,0.982822576042915
quantile,BTCUSDT,15m,quantile_4_rolling_240,high_vol,0.9620505992010653
quantile,BTCUSDT,15m,quantile_4_rolling_240,medium_vol,0.961137530911166
quantile,BTCUSDT,1d,quantile_2_rolling_30,high_vol,0.9817518248175182
quantile,BTCUSDT,1d,quantile_2_rolling_30,low_vol,0.982648401826484
quantile,BTCUSDT,1d,quantile_3_rolling_30,low_vol,0.9794520547945206
quantile,BTCUSDT,1d,quantile_3_rolling_30,high_vol,0.9740082079343365
quantile,BTCUSDT,1d,quantile_3_rolling_30,medium_vol,0.952054794520548
quantile,BTCUSDT,1d,quantile_4_rolling_30,extreme_vol,0.9744525547445255
quantile,BTCUSDT,1d,quantile_4_rolling_30,low_vol,0.9670932358318098
quantile,BTCUSDT,1d,quantile_4_rolling_30,high_vol,0.9379562043795621
quantile,BTCUSDT,1d,quantile_4_rolling_30,medium_vol,0.9306569343065694
quantile,BTCUSDT,1d,quantile_2_rolling_60,high_vol,0.9817518248175182
quantile,BTCUSDT,1d,quantile_2_rolling_60,low_vol,0.982648401826484
quantile,BTCUSDT,1d,quantile_3_rolling_60,low_vol,0.9794520547945206
quantile,BTCUSDT,1d,quantile_3_rolling_60,high_vol,0.9740082079343365
quantile,BTCUSDT,1d,quantile_3_rolling_60,medium_vol,0.952054794520548
quantile,BTCUSDT,1d,quantile_4_rolling_60,extreme_vol,0.9744525547445255
quantile,BTCUSDT,1d,quantile_4_rolling_60,low_vol,0.9670932358318098
quantile,BTCUSDT,1d,quantile_4_rolling_60,high_vol,0.9379562043795621
quantile,BTCUSDT,1d,quantile_4_rolling_60,medium_vol,0.9306569343065694
quantile,BTCUSDT,1d,quantile_2_rolling_240,high_vol,0.9817518248175182
quantile,BTCUSDT,1d,quantile_2_rolling_240,low_vol,0.982648401826484
quantile,BTCUSDT,1d,quantile_3_rolling_240,low_vol,0.9794520547945206
quantile,BTCUSDT,1d,quantile_3_rolling_240,high_vol,0.9740082079343365
quantile,BTCUSDT,1d,quantile_3_rolling_240,medium_vol,0.952054794520548
quantile,BTCUSDT,1d,quantile_4_rolling_240,extreme_vol,0.9744525547445255
quantile,BTCUSDT,1d,quantile_4_rolling_240,low_vol,0.9670932358318098
quantile,BTCUSDT,1d,quantile_4_rolling_240,high_vol,0.9379562043795621
quantile,BTCUSDT,1d,quantile_4_rolling_240,medium_vol,0.9306569343065694
quantile,BTCUSDT,1h,quantile_2_rolling_30,high_vol,0.9879797633991403
quantile,BTCUSDT,1h,quantile_2_rolling_30,low_vol,0.9879788488606536
quantile,BTCUSDT,1h,quantile_3_rolling_30,high_vol,0.983224922971585
quantile,BTCUSDT,1h,quantile_3_rolling_30,low_vol,0.9820256776034236
quantile,BTCUSDT,1h,quantile_3_rolling_30,medium_vol,0.9658773181169757
quantile,BTCUSDT,1h,quantile_4_rolling_30,extreme_vol,0.9832635983263598
quantile,BTCUSDT,1h,quantile_4_rolling_30,low_vol,0.9777067640569124
quantile,BTCUSDT,1h,quantile_4_rolling_30,high_vol,0.960362142422398
quantile,BTCUSDT,1h,quantile_4_rolling_30,medium_vol,0.9545039561777237
quantile,BTCUSDT,1h,quantile_2_rolling_60,high_vol,0.9879797633991403
quantile,BTCUSDT,1h,quantile_2_rolling_60,low_vol,0.9879788488606536
quantile,BTCUSDT,1h,quantile_3_rolling_60,high_vol,0.983224922971585
quantile,BTCUSDT,1h,quantile_3_rolling_60,low_vol,0.9820256776034236
quantile,BTCUSDT,1h,quantile_3_rolling_60,medium_vol,0.9658773181169757
quantile,BTCUSDT,1h,quantile_4_rolling_60,extreme_vol,0.9832635983263598
quantile,BTCUSDT,1h,quantile_4_rolling_60,low_vol,0.9777067640569124
quantile,BTCUSDT,1h,quantile_4_rolling_60,high_vol,0.960362142422398
quantile,BTCUSDT,1h,quantile_4_rolling_60,medium_vol,0.9545039561777237
quantile,BTCUSDT,1h,quantile_2_rolling_240,high_vol,0.9879797633991403
quantile,BTCUSDT,1h,quantile_2_rolling_240,low_vol,0.9879788488606536
quantile,BTCUSDT,1h,quantile_3_rolling_240,high_vol,0.983224922971585
quantile,BTCUSDT,1h,quantile_3_rolling_240,low_vol,0.9820256776034236
quantile,BTCUSDT,1h,quantile_3_rolling_240,medium_vol,0.9658773181169757
quantile,BTCUSDT,1h,quantile_4_rolling_240,extreme_vol,0.9832635983263598
quantile,BTCUSDT,1h,quantile_4_rolling_240,low_vol,0.9777067640569124
quantile,BTCUSDT,1h,quantile_4_rolling_240,high_vol,0.960362142422398
quantile,BTCUSDT,1h,quantile_4_rolling_240,medium_vol,0.9545039561777237
quantile,BTCUSDT,1m,quantile_2_rolling_30,high_vol,0.991548293743239
quantile,BTCUSDT,1m,quantile_2_rolling_30,low_vol,0.9915482830250413
quantile,BTCUSDT,1m,quantile_3_rolling_30,high_vol,0.9886673292847055
quantile,BTCUSDT,1m,quantile_3_rolling_30,low_vol,0.9883686645412142
quantile,BTCUSDT,1m,quantile_3_rolling_30,medium_vol,0.977147286674244
quantile,BTCUSDT,1m,quantile_4_rolling_30,extreme_vol,0.9871369710312362
quantile,BTCUSDT,1m,quantile_4_rolling_30,low_vol,0.9866055916138474
quantile,BTCUSDT,1m,quantile_4_rolling_30,high_vol,0.9704897284725296
quantile,BTCUSDT,1m,quantile_4_rolling_30,medium_vol,0.9698720924039171
quantile,BTCUSDT,1m,quantile_2_rolling_60,high_vol,0.991548293743239
quantile,BTCUSDT,1m,quantile_2_rolling_60,low_vol,0.9915482830250413
quantile,BTCUSDT,1m,quantile_3_rolling_60,high_vol,0.9886673292847055
quantile,BTCUSDT,1m,quantile_3_rolling_60,low_vol,0.9883686645412142
quantile,BTCUSDT,1m,quantile_3_rolling_60,medium_vol,0.977147286674244
quantile,BTCUSDT,1m,quantile_4_rolling_60,extreme_vol,0.9871369710312362
quantile,BTCUSDT,1m,quantile_4_rolling_60,low_vol,0.9866055916138474
quantile,BTCUSDT,1m,quantile_4_rolling_60,high_vol,0.9704897284725296
quantile,BTCUSDT,1m,quantile_4_rolling_60,medium_vol,0.9698720924039171
quantile,BTCUSDT,1m,quantile_2_rolling_240,high_vol,0.991548293743239
quantile,BTCUSDT,1m,quantile_2_rolling_240,low_vol,0.9915482830250413
quantile,BTCUSDT,1m,quantile_3_rolling_240,high_vol,0.9886673292847055
quantile,BTCUSDT,1m,quantile_3_rolling_240,low_vol,0.9883686645412142
quantile,BTCUSDT,1m,quantile_3_rolling_240,medium_vol,0.977147286674244
quantile,BTCUSDT,1m,quantile_4_rolling_240,extreme_vol,0.9871369710312362
quantile,BTCUSDT,1m,quantile_4_rolling_240,low_vol,0.9866055916138474
quantile,BTCUSDT,1m,quantile_4_rolling_240,high_vol,0.9704897284725296
quantile,BTCUSDT,1m,quantile_4_rolling_240,medium_vol,0.9698720924039171
quantile,BTCUSDT,5m,quantile_2_rolling_30,high_vol,0.9901971041510128
quantile,BTCUSDT,5m,quantile_2_rolling_30,low_vol,0.9901970730717529
quantile,BTCUSDT,5m,quantile_3_rolling_30,high_vol,0.9867413614358136
quantile,BTCUSDT,5m,quantile_3_rolling_30,low_vol,0.9865700956357566
quantile,BTCUSDT,5m,quantile_3_rolling_30,medium_vol,0.9734969896993504
quantile,BTCUSDT,5m,quantile_4_rolling_30,extreme_vol,0.9853083844295506
quantile,BTCUSDT,5m,quantile_4_rolling_30,low_vol,0.9850546579754991
quantile,BTCUSDT,5m,quantile_4_rolling_30,high_vol,0.9662667715017628
quantile,BTCUSDT,5m,quantile_4_rolling_30,medium_vol,0.9657278007456819
quantile,BTCUSDT,5m,quantile_2_rolling_60,high_vol,0.9901971041510128
quantile,BTCUSDT,5m,quantile_2_rolling_60,low_vol,0.9901970730717529
quantile,BTCUSDT,5m,quantile_3_rolling_60,high_vol,0.9867413614358136
quantile,BTCUSDT,5m,quantile_3_rolling_60,low_vol,0.9865700956357566
quantile,BTCUSDT,5m,quantile_3_rolling_60,medium_vol,0.9734969896993504
quantile,BTCUSDT,5m,quantile_4_rolling_60,extreme_vol,0.9853083844295506
quantile,BTCUSDT,5m,quantile_4_rolling_60,low_vol,0.9850546579754991
quantile,BTCUSDT,5m,quantile_4_rolling_60,high_vol,0.9662667715017628
quantile,BTCUSDT,5m,quantile_4_rolling_60,medium_vol,0.9657278007456819
quantile,BTCUSDT,5m,quantile_2_rolling_240,high_vol,0.9901971041510128
quantile,BTCUSDT,5m,quantile_2_rolling_240,low_vol,0.9901970730717529
quantile,BTCUSDT,5m,quantile_3_rolling_240,high_vol,0.9867413614358136
quantile,BTCUSDT,5m,quantile_3_rolling_240,low_vol,0.9865700956357566
quantile,BTCUSDT,5m,quantile_3_rolling_240,medium_vol,0.9734969896993504
quantile,BTCUSDT,5m,quantile_4_rolling_240,extreme_vol,0.9853083844295506
quantile,BTCUSDT,5m,quantile_4_rolling_240,low_vol,0.9850546579754991
quantile,BTCUSDT,5m,quantile_4_rolling_240,high_vol,0.9662667715017628
quantile,BTCUSDT,5m,quantile_4_rolling_240,medium_vol,0.9657278007456819
quantile,ETHUSDT,15m,quantile_2_rolling_30,high_vol,0.9885200684801217
quantile,ETHUSDT,15m,quantile_2_rolling_30,low_vol,0.9885199592919849
quantile,ETHUSDT,15m,quantile_3_rolling_30,high_vol,0.9847062516049876
quantile,ETHUSDT,15m,quantile_3_rolling_30,low_vol,0.9838355304456999
quantile,ETHUSDT,15m,quantile_3_rolling_30,medium_vol,0.9688841967100852
quantile,ETHUSDT,15m,quantile_4_rolling_30,low_vol,0.9833171641081245
quantile,ETHUSDT,15m,quantile_4_rolling_30,extreme_vol,0.9827468137721134
quantile,ETHUSDT,15m,quantile_4_rolling_30,medium_vol,0.9612516644474035
quantile,ETHUSDT,15m,quantile_4_rolling_30,high_vol,0.9605858854860186
quantile,ETHUSDT,15m,quantile_2_rolling_60,high_vol,0.9885200684801217
quantile,ETHUSDT,15m,quantile_2_rolling_60,low_vol,0.9885199592919849
quantile,ETHUSDT,15m,quantile_3_rolling_60,high_vol,0.9847062516049876
quantile,ETHUSDT,15m,quantile_3_rolling_60,low_vol,0.9838355304456999
quantile,ETHUSDT,15m,quantile_3_rolling_60,medium_vol,0.9688841967100852
quantile,ETHUSDT,15m,quantile_4_rolling_60,low_vol,0.9833171641081245
quantile,ETHUSDT,15m,quantile_4_rolling_60,extreme_vol,0.9827468137721134
quantile,ETHUSDT,15m,quantile_4_rolling_60,medium_vol,0.9612516644474035
quantile,ETHUSDT,15m,quantile_4_rolling_60,high_vol,0.9605858854860186
quantile,ETHUSDT,15m,quantile_2_rolling_240,high_vol,0.9885200684801217
quantile,ETHUSDT,15m,quantile_2_rolling_240,low_vol,0.9885199592919849
quantile,ETHUSDT,15m,quantile_3_rolling_240,high_vol,0.9847062516049876
quantile,ETHUSDT,15m,quantile_3_rolling_240,low_vol,0.9838355304456999
quantile,ETHUSDT,15m,quantile_3_rolling_240,medium_vol,0.9688841967100852
quantile,ETHUSDT,15m,quantile_4_rolling_240,low_vol,0.9833171641081245
quantile,ETHUSDT,15m,quantile_4_rolling_240,extreme_vol,0.9827468137721134
quantile,ETHUSDT,15m,quantile_4_rolling_240,medium_vol,0.9612516644474035
quantile,ETHUSDT,15m,quantile_4_rolling_240,high_vol,0.9605858854860186
quantile,ETHUSDT,1d,quantile_2_rolling_30,high_vol,0.9735401459854015
quantile,ETHUSDT,1d,quantile_2_rolling_30,low_vol,0.9744292237442922
quantile,ETHUSDT,1d,quantile_3_rolling_30,low_vol,0.9780821917808219
quantile,ETHUSDT,1d,quantile_3_rolling_30,high_vol,0.9726402188782489
quantile,ETHUSDT,1d,quantile_3_rolling_30,medium_vol,0.9493150684931507
quantile,ETHUSDT,1d,quantile_4_rolling_30,low_vol,0.968978102189781
quantile,ETHUSDT,1d,quantile_4_rolling_30,extreme_vol,0.9616788321167883
quantile,ETHUSDT,1d,quantile_4_rolling_30,medium_vol,0.9195612431444241
quantile,ETHUSDT,1d,quantile_4_rolling_30,high_vol,0.9087591240875912
quantile,ETHUSDT,1d,quantile_2_rolling_60,high_vol,0.9735401459854015
quantile,ETHUSDT,1d,quantile_2_rolling_60,low_vol,0.9744292237442922
quantile,ETHUSDT,1d,quantile_3_rolling_60,low_vol,0.9780821917808219
quantile,ETHUSDT,1d,quantile_3_rolling_60,high_vol,0.9726402188782489
quantile,ETHUSDT,1d,quantile_3_rolling_60,medium_vol,0.9493150684931507
quantile,ETHUSDT,1d,quantile_4_rolling_60,low_vol,0.968978102189781
quantile,ETHUSDT,1d,quantile_4_rolling_60,extreme_vol,0.9616788321167883
quantile,ETHUSDT,1d,quantile_4_rolling_60,medium_vol,0.9195612431444241
quantile,ETHUSDT,1d,quantile_4_rolling_60,high_vol,0.9087591240875912
quantile,ETHUSDT,1d,quantile_2_rolling_240,high_vol,0.9735401459854015
quantile,ETHUSDT,1d,quantile_2_rolling_240,low_vol,0.9744292237442922
quantile,ETHUSDT,1d,quantile_3_rolling_240,low_vol,0.9780821917808219
quantile,ETHUSDT,1d,quantile_3_rolling_240,high_vol,0.9726402188782489
quantile,ETHUSDT,1d,quantile_3_rolling_240,medium_vol,0.9493150684931507
quantile,ETHUSDT,1d,quantile_4_rolling_240,low_vol,0.968978102189781
quantile,ETHUSDT,1d,quantile_4_rolling_240,extreme_vol,0.9616788321167883
quantile,ETHUSDT,1d,quantile_4_rolling_240,medium_vol,0.9195612431444241
quantile,ETHUSDT,1d,quantile_4_rolling_240,high_vol,0.9087591240875912
quantile,ETHUSDT,1h,quantile_2_rolling_30,high_vol,0.9871048727604702
quantile,ETHUSDT,1h,quantile_2_rolling_30,low_vol,0.9871038916574733
quantile,ETHUSDT,1h,quantile_3_rolling_30,low_vol,0.9839087018544935
quantile,ETHUSDT,1h,quantile_3_rolling_30,high_vol,0.9813420061622732
quantile,ETHUSDT,1h,quantile_3_rolling_30,medium_vol,0.9657061340941512
quantile,ETHUSDT,1h,quantile_4_rolling_30,extreme_vol,0.9793077215671357
quantile,ETHUSDT,1h,quantile_4_rolling_30,low_vol,0.9788480559993913
quantile,ETHUSDT,1h,quantile_4_rolling_30,medium_vol,0.9548843578819233
quantile,ETHUSDT,1h,quantile_4_rolling_30,high_vol,0.9548082775410834
quantile,ETHUSDT,1h,quantile_2_rolling_60,high_vol,0.9871048727604702
quantile,ETHUSDT,1h,quantile_2_rolling_60,low_vol,0.9871038916574733
quantile,ETHUSDT,1h,quantile_3_rolling_60,low_vol,0.9839087018544935
quantile,ETHUSDT,1h,quantile_3_rolling_60,high_vol,0.9813420061622732
quantile,ETHUSDT,1h,quantile_3_rolling_60,medium_vol,0.9657061340941512
quantile,ETHUSDT,1h,quantile_4_rolling_60,extreme_vol,0.9793077215671357
quantile,ETHUSDT,1h,quantile_4_rolling_60,low_vol,0.9788480559993913
quantile,ETHUSDT,1h,quantile_4_rolling_60,medium_vol,0.9548843578819233
quantile,ETHUSDT,1h,quantile_4_rolling_60,high_vol,0.9548082775410834
quantile,ETHUSDT,1h,quantile_2_rolling_240,high_vol,0.9871048727604702
quantile,ETHUSDT,1h,quantile_2_rolling_240,low_vol,0.9871038916574733
quantile,ETHUSDT,1h,quantile_3_rolling_240,low_vol,0.9839087018544935
quantile,ETHUSDT,1h,quantile_3_rolling_240,high_vol,0.9813420061622732
quantile,ETHUSDT,1h,quantile_3_rolling_240,medium_vol,0.9657061340941512
quantile,ETHUSDT,1h,quantile_4_rolling_240,extreme_vol,0.9793077215671357
quantile,ETHUSDT,1h,quantile_4_rolling_240,low_vol,0.9788480559993913
quantile,ETHUSDT,1h,quantile_4_rolling_240,medium_vol,0.9548843578819233
quantile,ETHUSDT,1h,quantile_4_rolling_240,high_vol,0.9548082775410834
quantile,ETHUSDT,1m,quantile_2_rolling_30,high_vol,0.9908939132331522
quantile,ETHUSDT,1m,quantile_2_rolling_30,low_vol,0.9908939074591205
quantile,ETHUSDT,1m,quantile_3_rolling_30,high_vol,0.9878160711822976
quantile,ETHUSDT,1m,quantile_3_rolling_30,low_vol,0.9877323603935384
quantile,ETHUSDT,1m,quantile_3_rolling_30,medium_vol,0.9756730176605313
quantile,ETHUSDT,1m,quantile_4_rolling_30,extreme_vol,0.9862010629784956
quantile,ETHUSDT,1m,quantile_4_rolling_30,low_vol,0.9857204091622724
quantile,ETHUSDT,1m,quantile_4_rolling_30,high_vol,0.9682805394286642
quantile,ETHUSDT,1m,quantile_4_rolling_30,medium_vol,0.9677136675721398
quantile,ETHUSDT,1m,quantile_2_rolling_60,high_vol,0.9908939132331522
quantile,ETHUSDT,1m,quantile_2_rolling_60,low_vol,0.9908939074591205
quantile,ETHUSDT,1m,quantile_3_rolling_60,high_vol,0.9878160711822976
quantile,ETHUSDT,1m,quantile_3_rolling_60,low_vol,0.9877323603935384
quantile,ETHUSDT,1m,quantile_3_rolling_60,medium_vol,0.9756730176605313
quantile,ETHUSDT,1m,quantile_4_rolling_60,extreme_vol,0.9862010629784956
quantile,ETHUSDT,1m,quantile_4_rolling_60,low_vol,0.9857204091622724
quantile,ETHUSDT,1m,quantile_4_rolling_60,high_vol,0.9682805394286642
quantile,ETHUSDT,1m,quantile_4_rolling_60,medium_vol,0.9677136675721398
quantile,ETHUSDT,1m,quantile_2_rolling_240,high_vol,0.9908939132331522
quantile,ETHUSDT,1m,quantile_2_rolling_240,low_vol,0.9908939074591205
quantile,ETHUSDT,1m,quantile_3_rolling_240,high_vol,0.9878160711822976
quantile,ETHUSDT,1m,quantile_3_rolling_240,low_vol,0.9877323603935384
quantile,ETHUSDT,1m,quantile_3_rolling_240,medium_vol,0.9756730176605313
quantile,ETHUSDT,1m,quantile_4_rolling_240,extreme_vol,0.9862010629784956
quantile,ETHUSDT,1m,quantile_4_rolling_240,low_vol,0.9857204091622724
quantile,ETHUSDT,1m,quantile_4_rolling_240,high_vol,0.9682805394286642
quantile,ETHUSDT,1m,quantile_4_rolling_240,medium_vol,0.9677136675721398
quantile,ETHUSDT,5m,quantile_2_rolling_30,high_vol,0.989743736070028
quantile,ETHUSDT,5m,quantile_2_rolling_30,low_vol,0.9897437035534025
quantile,ETHUSDT,5m,quantile_3_rolling_30,high_vol,0.9864988253645175
quantile,ETHUSDT,5m,quantile_3_rolling_30,low_vol,0.9860755099226258
quantile,ETHUSDT,5m,quantile_3_rolling_30,medium_vol,0.9728454712333197
quantile,ETHUSDT,5m,quantile_4_rolling_30,extreme_vol,0.9844333551033866
quantile,ETHUSDT,5m,quantile_4_rolling_30,low_vol,0.9840147614578842
quantile,ETHUSDT,5m,quantile_4_rolling_30,high_vol,0.9645167017526061
quantile,ETHUSDT,5m,quantile_4_rolling_30,medium_vol,0.9639840718289497
quantile,ETHUSDT,5m,quantile_2_rolling_60,high_vol,0.989743736070028
quantile,ETHUSDT,5m,quantile_2_rolling_60,low_vol,0.9897437035534025
quantile,ETHUSDT,5m,quantile_3_rolling_60,high_vol,0.9864988253645175
quantile,ETHUSDT,5m,quantile_3_rolling_60,low_vol,0.9860755099226258
quantile,ETHUSDT,5m,quantile_3_rolling_60,medium_vol,0.9728454712333197
quantile,ETHUSDT,5m,quantile_4_rolling_60,extreme_vol,0.9844333551033866
quantile,ETHUSDT,5m,quantile_4_rolling_60,low_vol,0.9840147614578842
quantile,ETHUSDT,5m,quantile_4_rolling_60,high_vol,0.9645167017526061
quantile,ETHUSDT,5m,quantile_4_rolling_60,medium_vol,0.9639840718289497
quantile,ETHUSDT,5m,quantile_2_rolling_240,high_vol,0.989743736070028
quantile,ETHUSDT,5m,quantile_2_rolling_240,low_vol,0.9897437035534025
quantile,ETHUSDT,5m,quantile_3_rolling_240,high_vol,0.9864988253645175
quantile,ETHUSDT,5m,quantile_3_rolling_240,low_vol,0.9860755099226258
quantile,ETHUSDT,5m,quantile_3_rolling_240,medium_vol,0.9728454712333197
quantile,ETHUSDT,5m,quantile_4_rolling_240,extreme_vol,0.9844333551033866
quantile,ETHUSDT,5m,quantile_4_rolling_240,low_vol,0.9840147614578842
quantile,ETHUSDT,5m,quantile_4_rolling_240,high_vol,0.9645167017526061
quantile,ETHUSDT,5m,quantile_4_rolling_240,medium_vol,0.9639840718289497
quantile,DAX,1d,quantile_2_rolling_30,high_vol,0.9827586206896551
quantile,DAX,1d,quantile_2_rolling_30,low_vol,0.9832347140039448
quantile,DAX,1d,quantile_3_rolling_30,high_vol,0.9822616407982262
quantile,DAX,1d,quantile_3_rolling_30,low_vol,0.977810650887574
quantile,DAX,1d,quantile_3_rolling_30,medium_vol,0.959349593495935
quantile,DAX,1d,quantile_4_rolling_30,extreme_vol,0.9743842364532019
quantile,DAX,1d,quantile_4_rolling_30,low_vol,0.9723865877712031
quantile,DAX,1d,quantile_4_rolling_30,high_vol,0.9399014778325123
quantile,DAX,1d,quantile_4_rolling_30,medium_vol,0.9378698224852071
quantile,DAX,1d,quantile_2_rolling_60,high_vol,0.9827586206896551
quantile,DAX,1d,quantile_2_rolling_60,low_vol,0.9832347140039448
quantile,DAX,1d,quantile_3_rolling_60,high_vol,0.9822616407982262
quantile,DAX,1d,quantile_3_rolling_60,low_vol,0.977810650887574
quantile,DAX,1d,quantile_3_rolling_60,medium_vol,0.959349593495935
quantile,DAX,1d,quantile_4_rolling_60,extreme_vol,0.9743842364532019
quantile,DAX,1d,quantile_4_rolling_60,low_vol,0.9723865877712031
quantile,DAX,1d,quantile_4_rolling_60,high_vol,0.9399014778325123
quantile,DAX,1d,quantile_4_rolling_60,medium_vol,0.9378698224852071
quantile,DAX,1d,quantile_2_rolling_240,high_vol,0.9827586206896551
quantile,DAX,1d,quantile_2_rolling_240,low_vol,0.9832347140039448
quantile,DAX,1d,quantile_3_rolling_240,high_vol,0.9822616407982262
quantile,DAX,1d,quantile_3_rolling_240,low_vol,0.977810650887574
quantile,DAX,1d,quantile_3_rolling_240,medium_vol,0.959349593495935
quantile,DAX,1d,quantile_4_rolling_240,extreme_vol,0.9743842364532019
quantile,DAX,1d,quantile_4_rolling_240,low_vol,0.9723865877712031
quantile,DAX,1d,quantile_4_rolling_240,high_vol,0.9399014778325123
quantile,DAX,1d,quantile_4_rolling_240,medium_vol,0.9378698224852071
quantile,NASDAQ100,1d,quantile_2_rolling_30,low_vol,0.9821073558648111
quantile,NASDAQ100,1d,quantile_2_rolling_30,high_vol,0.982098458478369
quantile,NASDAQ100,1d,quantile_3_rolling_30,high_vol,0.9821162444113264
quantile,NASDAQ100,1d,quantile_3_rolling_30,low_vol,0.9783743475018642
quantile,NASDAQ100,1d,quantile_3_rolling_30,medium_vol,0.9611940298507463
quantile,NASDAQ100,1d,quantile_4_rolling_30,extreme_vol,0.9870775347912525
quantile,NASDAQ100,1d,quantile_4_rolling_30,low_vol,0.9562624254473161
quantile,NASDAQ100,1d,quantile_4_rolling_30,high_vol,0.9512437810945273
quantile,NASDAQ100,1d,quantile_4_rolling_30,medium_vol,0.9204771371769384
quantile,NASDAQ100,1d,quantile_2_rolling_60,low_vol,0.9821073558648111
quantile,NASDAQ100,1d,quantile_2_rolling_60,high_vol,0.982098458478369
quantile,NASDAQ100,1d,quantile_3_rolling_60,high_vol,0.9821162444113264
quantile,NASDAQ100,1d,quantile_3_rolling_60,low_vol,0.9783743475018642
quantile,NASDAQ100,1d,quantile_3_rolling_60,medium_vol,0.9611940298507463
quantile,NASDAQ100,1d,quantile_4_rolling_60,extreme_vol,0.9870775347912525
quantile,NASDAQ100,1d,quantile_4_rolling_60,low_vol,0.9562624254473161
quantile,NASDAQ100,1d,quantile_4_rolling_60,high_vol,0.9512437810945273
quantile,NASDAQ100,1d,quantile_4_rolling_60,medium_vol,0.9204771371769384
quantile,NASDAQ100,1d,quantile_2_rolling_240,low_vol,0.9821073558648111
quantile,NASDAQ100,1d,quantile_2_rolling_240,high_vol,0.982098458478369
quantile,NASDAQ100,1d,quantile_3_rolling_240,high_vol,0.9821162444113264
quantile,NASDAQ100,1d,quantile_3_rolling_240,low_vol,0.9783743475018642
quantile,NASDAQ100,1d,quantile_3_rolling_240,medium_vol,0.9611940298507463
quantile,NASDAQ100,1d,quantile_4_rolling_240,extreme_vol,0.9870775347912525
quantile,NASDAQ100,1d,quantile_4_rolling_240,low_vol,0.9562624254473161
quantile,NASDAQ100,1d,quantile_4_rolling_240,high_vol,0.9512437810945273
quantile,NASDAQ100,1d,quantile_4_rolling_240,medium_vol,0.9204771371769384
quantile,SP500,1d,quantile_2_rolling_30,low_vol,0.981610337972167
quantile,SP500,1d,quantile_2_rolling_30,high_vol,0.9816011934361014
quantile,SP500,1d,quantile_3_rolling_30,high_vol,0.9836065573770492
quantile,SP500,1d,quantile_3_rolling_30,low_vol,0.9724086502609992
quantile,SP500,1d,quantile_3_rolling_30,medium_vol,0.9567164179104478
quantile,SP500,1d,quantile_4_rolling_30,extreme_vol,0.9840954274353877
quantile,SP500,1d,quantile_4_rolling_30,low_vol,0.9652087475149106
quantile,SP500,1d,quantile_4_rolling_30,high_vol,0.9472636815920398
quantile,SP500,1d,quantile_4_rolling_30,medium_vol,0.9284294234592445
quantile,SP500,1d,quantile_2_rolling_60,low_vol,0.981610337972167
quantile,SP500,1d,quantile_2_rolling_60,high_vol,0.9816011934361014
quantile,SP500,1d,quantile_3_rolling_60,high_vol,0.9836065573770492
quantile,SP500,1d,quantile_3_rolling_60,low_vol,0.9724086502609992
quantile,SP500,1d,quantile_3_rolling_60,medium_vol,0.9567164179104478
quantile,SP500,1d,quantile_4_rolling_60,extreme_vol,0.9840954274353877
quantile,SP500,1d,quantile_4_rolling_60,low_vol,0.9652087475149106
quantile,SP500,1d,quantile_4_rolling_60,high_vol,0.9472636815920398
quantile,SP500,1d,quantile_4_rolling_60,medium_vol,0.9284294234592445
quantile,SP500,1d,quantile_2_rolling_240,low_vol,0.981610337972167
quantile,SP500,1d,quantile_2_rolling_240,high_vol,0.9816011934361014
quantile,SP500,1d,quantile_3_rolling_240,high_vol,0.9836065573770492
quantile,SP500,1d,quantile_3_rolling_240,low_vol,0.9724086502609992
quantile,SP500,1d,quantile_3_rolling_240,medium_vol,0.9567164179104478
quantile,SP500,1d,quantile_4_rolling_240,extreme_vol,0.9840954274353877
quantile,SP500,1d,quantile_4_rolling_240,low_vol,0.9652087475149106
quantile,SP500,1d,quantile_4_rolling_240,high_vol,0.9472636815920398
quantile,SP500,1d,quantile_4_rolling_240,medium_vol,0.9284294234592445
quantile,EURUSD,1d,quantile_2_rolling_30,high_vol,0.9783519553072626
quantile,EURUSD,1d,quantile_2_rolling_30,low_vol,0.9790209790209791
quantile,EURUSD,1d,quantile_3_rolling_30,high_vol,0.9832460732984293
quantile,EURUSD,1d,quantile_3_rolling_30,low_vol,0.9727177334732424
quantile,EURUSD,1d,quantile_3_rolling_30,medium_vol,0.9559748427672956
quantile,EURUSD,1d,quantile_4_rolling_30,extreme_vol,0.979050279329609
quantile,EURUSD,1d,quantile_4_rolling_30,low_vol,0.972027972027972
quantile,EURUSD,1d,quantile_4_rolling_30,high_vol,0.9385474860335196
quantile,EURUSD,1d,quantile_4_rolling_30,medium_vol,0.9286713286713286
quantile,EURUSD,1d,quantile_2_rolling_60,high_vol,0.9783519553072626
quantile,EURUSD,1d,quantile_2_rolling_60,low_vol,0.9790209790209791
quantile,EURUSD,1d,quantile_3_rolling_60,high_vol,0.9832460732984293
quantile,EURUSD,1d,quantile_3_rolling_60,low_vol,0.9727177334732424
quantile,EURUSD,1d,quantile_3_rolling_60,medium_vol,0.9559748427672956
quantile,EURUSD,1d,quantile_4_rolling_60,extreme_vol,0.979050279329609
quantile,EURUSD,1d,quantile_4_rolling_60,low_vol,0.972027972027972
quantile,EURUSD,1d,quantile_4_rolling_60,high_vol,0.9385474860335196
quantile,EURUSD,1d,quantile_4_rolling_60,medium_vol,0.9286713286713286
quantile,EURUSD,1d,quantile_2_rolling_240,high_vol,0.9783519553072626
quantile,EURUSD,1d,quantile_2_rolling_240,low_vol,0.9790209790209791
quantile,EURUSD,1d,quantile_3_rolling_240,high_vol,0.9832460732984293
quantile,EURUSD,1d,quantile_3_rolling_240,low_vol,0.9727177334732424
quantile,EURUSD,1d,quantile_3_rolling_240,medium_vol,0.9559748427672956
quantile,EURUSD,1d,quantile_4_rolling_240,extreme_vol,0.979050279329609
quantile,EURUSD,1d,quantile_4_rolling_240,low_vol,0.972027972027972
quantile,EURUSD,1d,quantile_4_rolling_240,high_vol,0.9385474860335196
quantile,EURUSD,1d,quantile_4_rolling_240,medium_vol,0.9286713286713286
quantile,GBPUSD,1d,quantile_2_rolling_30,high_vol,0.9832402234636871
quantile,GBPUSD,1d,quantile_2_rolling_30,low_vol,0.9839160839160839
quantile,GBPUSD,1d,quantile_3_rolling_30,low_vol,0.9674711437565582
quantile,GBPUSD,1d,quantile_3_rolling_30,high_vol,0.9591623036649215
quantile,GBPUSD,1d,quantile_3_rolling_30,medium_vol,0.9266247379454927
quantile,GBPUSD,1d,quantile_4_rolling_30,extreme_vol,0.9780821917808219
quantile,GBPUSD,1d,quantile_4_rolling_30,low_vol,0.958041958041958
quantile,GBPUSD,1d,quantile_4_rolling_30,high_vol,0.9444444444444444
quantile,GBPUSD,1d,quantile_4_rolling_30,medium_vol,0.9244755244755245
quantile,GBPUSD,1d,quantile_2_rolling_60,high_vol,0.9832402234636871
quantile,GBPUSD,1d,quantile_2_rolling_60,low_vol,0.9839160839160839
quantile,GBPUSD,1d,quantile_3_rolling_60,low_vol,0.9674711437565582
quantile,GBPUSD,1d,quantile_3_rolling_60,high_vol,0.9591623036649215
quantile,GBPUSD,1d,quantile_3_rolling_60,medium_vol,0.9266247379454927
quantile,GBPUSD,1d,quantile_4_rolling_60,extreme_vol,0.9780821917808219
quantile,GBPUSD,1d,quantile_4_rolling_60,low_vol,0.958041958041958
quantile,GBPUSD,1d,quantile_4_rolling_60,high_vol,0.9444444444444444
quantile,GBPUSD,1d,quantile_4_rolling_60,medium_vol,0.9244755244755245
quantile,GBPUSD,1d,quantile_2_rolling_240,high_vol,0.9832402234636871
quantile,GBPUSD,1d,quantile_2_rolling_240,low_vol,0.9839160839160839
quantile,GBPUSD,1d,quantile_3_rolling_240,low_vol,0.9674711437565582
quantile,GBPUSD,1d,quantile_3_rolling_240,high_vol,0.9591623036649215
quantile,GBPUSD,1d,quantile_3_rolling_240,medium_vol,0.9266247379454927
quantile,GBPUSD,1d,quantile_4_rolling_240,extreme_vol,0.9780821917808219
quantile,GBPUSD,1d,quantile_4_rolling_240,low_vol,0.958041958041958
quantile,GBPUSD,1d,quantile_4_rolling_240,high_vol,0.9444444444444444
quantile,GBPUSD,1d,quantile_4_rolling_240,medium_vol,0.9244755244755245
quantile,VIX,1d,quantile_2_rolling_30,low_vol,0.9796222664015904
quantile,VIX,1d,quantile_2_rolling_30,high_vol,0.9796121332670313
quantile,VIX,1d,quantile_3_rolling_30,low_vol,0.9701715137956749
quantile,VIX,1d,quantile_3_rolling_30,high_vol,0.9656972408650261
quantile,VIX,1d,quantile_3_rolling_30,medium_vol,0.935868754660701
quantile,VIX,1d,quantile_4_rolling_30,extreme_vol,0.9642147117296223
quantile,VIX,1d,quantile_4_rolling_30,low_vol,0.9572564612326043
quantile,VIX,1d,quantile_4_rolling_30,high_vol,0.9313432835820895
quantile,VIX,1d,quantile_4_rolling_30,medium_vol,0.9165009940357853
quantile,VIX,1d,quantile_2_rolling_60,low_vol,0.9796222664015904
quantile,VIX,1d,quantile_2_rolling_60,high_vol,0.9796121332670313
quantile,VIX,1d,quantile_3_rolling_60,low_vol,0.9701715137956749
quantile,VIX,1d,quantile_3_rolling_60,high_vol,0.9656972408650261
quantile,VIX,1d,quantile_3_rolling_60,medium_vol,0.935868754660701
quantile,VIX,1d,quantile_4_rolling_60,extreme_vol,0.9642147117296223
quantile,VIX,1d,quantile_4_rolling_60,low_vol,0.9572564612326043
quantile,VIX,1d,quantile_4_rolling_60,high_vol,0.9313432835820895
quantile,VIX,1d,quantile_4_rolling_60,medium_vol,0.9165009940357853
quantile,VIX,1d,quantile_2_rolling_240,low_vol,0.9796222664015904
quantile,VIX,1d,quantile_2_rolling_240,high_vol,0.9796121332670313
quantile,VIX,1d,quantile_3_rolling_240,low_vol,0.9701715137956749
quantile,VIX,1d,quantile_3_rolling_240,high_vol,0.9656972408650261
quantile,VIX,1d,quantile_3_rolling_240,medium_vol,0.935868754660701
quantile,VIX,1d,quantile_4_rolling_240,extreme_vol,0.9642147117296223
quantile,VIX,1d,quantile_4_rolling_240,low_vol,0.9572564612326043
quantile,VIX,1d,quantile_4_rolling_240,high_vol,0.9313432835820895
quantile,VIX,1d,quantile_4_rolling_240,medium_vol,0.9165009940357853
HMM,BTCUSDT,15m,hmm_4_states,low_vol,0.6715216305755789
HMM,BTCUSDT,15m,hmm_4_states,extreme_vol,0.0
HMM,BTCUSDT,15m,hmm_4_states,high_vol,0.4920637984006736
HMM,BTCUSDT,15m,hmm_4_states,medium_vol,0.5408879860765254
HMM,BTCUSDT,1d,hmm_4_states,medium_vol,0.42420505057105423
HMM,BTCUSDT,1d,hmm_4_states,extreme_vol,0.0
HMM,BTCUSDT,1d,hmm_4_states,high_vol,0.32505684610097135
HMM,BTCUSDT,1d,hmm_4_states,low_vol,0.4913866725771056
HMM,BTCUSDT,1h,hmm_4_states,low_vol,0.5971857379568719
HMM,BTCUSDT,1h,hmm_4_states,extreme_vol,0.0
HMM,BTCUSDT,1h,hmm_4_states,medium_vol,0.48097680799699133
HMM,BTCUSDT,1h,hmm_4_states,high_vol,0.43791357087589494
HMM,BTCUSDT,1m,hmm_4_states,low_vol,0.45774917099296863
HMM,BTCUSDT,1m,hmm_4_states,extreme_vol,0.5207084640167706
HMM,BTCUSDT,1m,hmm_4_states,high_vol,0.5608229426181578
HMM,BTCUSDT,1m,hmm_4_states,medium_vol,0.4756099976681024
HMM,BTCUSDT,5m,hmm_2_states,low_vol,0.8801547587715243
HMM,BTCUSDT,5m,hmm_2_states,high_vol,0.5784496027878073
HMM,ETHUSDT,15m,hmm_4_states,low_vol,0.6573151203078018
HMM,ETHUSDT,15m,hmm_4_states,high_vol,0.4850258304086202
HMM,ETHUSDT,15m,hmm_4_states,extreme_vol,0.0
HMM,ETHUSDT,15m,hmm_4_states,medium_vol,0.5268393351841874
HMM,ETHUSDT,1d,hmm_4_states,low_vol,0.479989322785318
HMM,ETHUSDT,1d,hmm_4_states,extreme_vol,0.0
HMM,ETHUSDT,1d,hmm_4_states,high_vol,0.45443957403640906
HMM,ETHUSDT,1d,hmm_4_states,medium_vol,0.439654435489241
HMM,ETHUSDT,1h,hmm_4_states,low_vol,0.6013159018460524
HMM,ETHUSDT,1h,hmm_4_states,high_vol,0.46407066909237016
HMM,ETHUSDT,1h,hmm_4_states,medium_vol,0.49540844714063415
HMM,ETHUSDT,1h,hmm_4_states,extreme_vol,0.0
HMM,ETHUSDT,1m,hmm_4_states,low_vol,0.6413391826268984
HMM,ETHUSDT,1m,hmm_4_states,extreme_vol,0.0
HMM,ETHUSDT,1m,hmm_4_states,medium_vol,0.5552782717760344
HMM,ETHUSDT,1m,hmm_4_states,high_vol,0.516235756902412
HMM,ETHUSDT,5m,hmm_4_states,low_vol,0.4321967685731997
HMM,ETHUSDT,5m,hmm_4_states,extreme_vol,0.4789535630506172
HMM,ETHUSDT,5m,hmm_4_states,high_vol,0.5078861844712538
HMM,ETHUSDT,5m,hmm_4_states,medium_vol,0.4360958570198775
HMM,DAX,1d,hmm_4_states,low_vol,0.3260841025180685
HMM,DAX,1d,hmm_4_states,high_vol,0.3064479821965166
HMM,DAX,1d,hmm_4_states,medium_vol,0.34926708836262343
HMM,DAX,1d,hmm_4_states,extreme_vol,0.5838609629802951
HMM,NASDAQ100,1d,hmm_4_states,low_vol,0.3340668301278116
HMM,NASDAQ100,1d,hmm_4_states,extreme_vol,0.4745930879760766
HMM,NASDAQ100,1d,hmm_4_states,medium_vol,0.3410033091056002
HMM,NASDAQ100,1d,hmm_4_states,high_vol,0.30372671233191323
HMM,SP500,1d,hmm_4_states,medium_vol,0.33268957232663593
HMM,SP500,1d,hmm_4_states,extreme_vol,0.5336242333693028
HMM,SP500,1d,hmm_4_states,high_vol,0.4160890451208817
HMM,SP500,1d,hmm_4_states,low_vol,0.43315759893171274
HMM,EURUSD,1d,hmm_4_states,low_vol,0.29145940069376386
HMM,EURUSD,1d,hmm_4_states,extreme_vol,0.49378665387757775
HMM,EURUSD,1d,hmm_4_states,high_vol,0.27381580590964577
HMM,EURUSD,1d,hmm_4_states,medium_vol,0.31924192497952775
HMM,GBPUSD,1d,hmm_4_states,low_vol,0.3959447296418767
HMM,GBPUSD,1d,hmm_4_states,extreme_vol,0.0
HMM,GBPUSD,1d,hmm_4_states,medium_vol,0.5071053649166966
HMM,GBPUSD,1d,hmm_4_states,high_vol,0.5997352203683646
HMM,VIX,1d,hmm_4_states,medium_vol,0.46964100269334563
HMM,VIX,1d,hmm_4_states,high_vol,0.342271702766036
HMM,VIX,1d,hmm_4_states,extreme_vol,0.0
HMM,VIX,1d,hmm_4_states,low_vol,0.4483327161748446
