asset,frequency,hmm_method,quantile_method,observations,adjusted_rand_index,normalized_mutual_information,sklearn_available
BTCUSDT,15m,hmm_4_states,quantile_2_rolling_240,210280,0.10490666560709044,0.10127863850855656,True
BTCUSDT,15m,hmm_4_states,quantile_2_rolling_30,210280,0.10490666560709044,0.10127863850855656,True
BTCUSDT,15m,hmm_4_states,quantile_2_rolling_60,210280,0.10490666560709044,0.10127863850855656,True
BTCUSDT,15m,hmm_4_states,quantile_3_rolling_240,210280,0.09669580658576664,0.10834815967375332,True
BTCUSDT,15m,hmm_4_states,quantile_3_rolling_30,210280,0.09669580658576664,0.10834815967375332,True
BTCUSDT,15m,hmm_4_states,quantile_3_rolling_60,210280,0.09669580658576664,0.10834815967375332,True
BTCUSDT,15m,hmm_4_states,quantile_4_rolling_240,210280,0.08303476223544164,0.10702667503309504,True
BTCUSDT,15m,hmm_4_states,quantile_4_rolling_30,210280,0.08303476223544164,0.10702667503309504,True
BTCUSDT,15m,hmm_4_states,quantile_4_rolling_60,210280,0.08303476223544164,0.10702667503309504,True
BTCUSDT,1d,hmm_4_states,quantile_2_rolling_240,2192,0.03160176059892402,0.0321551898532458,True
BTCUSDT,1d,hmm_4_states,quantile_2_rolling_30,2192,0.03160176059892402,0.0321551898532458,True
BTCUSDT,1d,hmm_4_states,quantile_2_rolling_60,2192,0.03160176059892402,0.0321551898532458,True
BTCUSDT,1d,hmm_4_states,quantile_3_rolling_240,2192,0.03514543337036854,0.04029363624463403,True
BTCUSDT,1d,hmm_4_states,quantile_3_rolling_30,2192,0.03514543337036854,0.04029363624463403,True
BTCUSDT,1d,hmm_4_states,quantile_3_rolling_60,2192,0.03514543337036854,0.04029363624463403,True
BTCUSDT,1d,hmm_4_states,quantile_4_rolling_240,2192,0.028982887110281186,0.03854004756895346,True
BTCUSDT,1d,hmm_4_states,quantile_4_rolling_30,2192,0.028982887110281186,0.03854004756895346,True
BTCUSDT,1d,hmm_4_states,quantile_4_rolling_60,2192,0.028982887110281186,0.03854004756895346,True
BTCUSDT,1h,hmm_4_states,quantile_2_rolling_240,52577,0.07733666354425106,0.08138329788382186,True
BTCUSDT,1h,hmm_4_states,quantile_2_rolling_30,52577,0.07733666354425106,0.08138329788382186,True
BTCUSDT,1h,hmm_4_states,quantile_2_rolling_60,52577,0.07733666354425106,0.08138329788382186,True
BTCUSDT,1h,hmm_4_states,quantile_3_rolling_240,52577,0.06962155599862585,0.08208230368150446,True
BTCUSDT,1h,hmm_4_states,quantile_3_rolling_30,52577,0.06962155599862585,0.08208230368150446,True
BTCUSDT,1h,hmm_4_states,quantile_3_rolling_60,52577,0.06962155599862585,0.08208230368150446,True
BTCUSDT,1h,hmm_4_states,quantile_4_rolling_240,52577,0.06247050201877879,0.08249898404703412,True
BTCUSDT,1h,hmm_4_states,quantile_4_rolling_30,52577,0.06247050201877879,0.08249898404703412,True
BTCUSDT,1h,hmm_4_states,quantile_4_rolling_60,52577,0.06247050201877879,0.08249898404703412,True
BTCUSDT,1m,hmm_4_states,quantile_2_rolling_240,3154155,0.13667999218479682,0.15020550323164147,True
BTCUSDT,1m,hmm_4_states,quantile_2_rolling_30,3154155,0.13667999218479682,0.15020550323164147,True
BTCUSDT,1m,hmm_4_states,quantile_2_rolling_60,3154155,0.13667999218479682,0.15020550323164147,True
BTCUSDT,1m,hmm_4_states,quantile_3_rolling_240,3154155,0.14098812005817715,0.16654522837321153,True
BTCUSDT,1m,hmm_4_states,quantile_3_rolling_30,3154155,0.14098812005817715,0.16654522837321153,True
BTCUSDT,1m,hmm_4_states,quantile_3_rolling_60,3154155,0.14098812005817715,0.16654522837321153,True
BTCUSDT,1m,hmm_4_states,quantile_4_rolling_240,3154155,0.1279957754449365,0.1671061826562993,True
BTCUSDT,1m,hmm_4_states,quantile_4_rolling_30,3154155,0.1279957754449365,0.1671061826562993,True
BTCUSDT,1m,hmm_4_states,quantile_4_rolling_60,3154155,0.1279957754449365,0.1671061826562993,True
BTCUSDT,5m,hmm_2_states,quantile_2_rolling_240,630834,0.0912854975996446,0.11747107670533592,True
BTCUSDT,5m,hmm_2_states,quantile_2_rolling_30,630834,0.0912854975996446,0.11747107670533592,True
BTCUSDT,5m,hmm_2_states,quantile_2_rolling_60,630834,0.0912854975996446,0.11747107670533592,True
BTCUSDT,5m,hmm_2_states,quantile_3_rolling_240,630834,0.07526846024170804,0.11446517952837096,True
BTCUSDT,5m,hmm_2_states,quantile_3_rolling_30,630834,0.07526846024170804,0.11446517952837096,True
BTCUSDT,5m,hmm_2_states,quantile_3_rolling_60,630834,0.07526846024170804,0.11446517952837096,True
BTCUSDT,5m,hmm_2_states,quantile_4_rolling_240,630834,0.06135748928715269,0.10775648462824043,True
BTCUSDT,5m,hmm_2_states,quantile_4_rolling_30,630834,0.06135748928715269,0.10775648462824043,True
BTCUSDT,5m,hmm_2_states,quantile_4_rolling_60,630834,0.06135748928715269,0.10775648462824043,True
DAX,1d,hmm_4_states,quantile_2_rolling_240,4059,0.03391537281494262,0.060074931820823886,True
DAX,1d,hmm_4_states,quantile_2_rolling_30,4059,0.03391537281494262,0.060074931820823886,True
DAX,1d,hmm_4_states,quantile_2_rolling_60,4059,0.03391537281494262,0.060074931820823886,True
DAX,1d,hmm_4_states,quantile_3_rolling_240,4059,0.03471053272833997,0.06367602695019689,True
DAX,1d,hmm_4_states,quantile_3_rolling_30,4059,0.03471053272833997,0.06367602695019689,True
DAX,1d,hmm_4_states,quantile_3_rolling_60,4059,0.03471053272833997,0.06367602695019689,True
DAX,1d,hmm_4_states,quantile_4_rolling_240,4059,0.03550641632024376,0.06560487020455823,True
DAX,1d,hmm_4_states,quantile_4_rolling_30,4059,0.03550641632024376,0.06560487020455823,True
DAX,1d,hmm_4_states,quantile_4_rolling_60,4059,0.03550641632024376,0.06560487020455823,True
ETHUSDT,15m,hmm_4_states,quantile_2_rolling_240,210280,0.10212273275726325,0.09976366494080681,True
ETHUSDT,15m,hmm_4_states,quantile_2_rolling_30,210280,0.10212273275726325,0.09976366494080681,True
ETHUSDT,15m,hmm_4_states,quantile_2_rolling_60,210280,0.10212273275726325,0.09976366494080681,True
ETHUSDT,15m,hmm_4_states,quantile_3_rolling_240,210280,0.09320577993933069,0.10464168942437675,True
ETHUSDT,15m,hmm_4_states,quantile_3_rolling_30,210280,0.09320577993933069,0.10464168942437675,True
ETHUSDT,15m,hmm_4_states,quantile_3_rolling_60,210280,0.09320577993933069,0.10464168942437675,True
ETHUSDT,15m,hmm_4_states,quantile_4_rolling_240,210280,0.08031782422427136,0.10297407913958773,True
ETHUSDT,15m,hmm_4_states,quantile_4_rolling_30,210280,0.08031782422427136,0.10297407913958773,True
ETHUSDT,15m,hmm_4_states,quantile_4_rolling_60,210280,0.08031782422427136,0.10297407913958773,True
ETHUSDT,1d,hmm_4_states,quantile_2_rolling_240,2192,0.030726003048016502,0.03573083387120204,True
ETHUSDT,1d,hmm_4_states,quantile_2_rolling_30,2192,0.030726003048016502,0.03573083387120204,True
ETHUSDT,1d,hmm_4_states,quantile_2_rolling_60,2192,0.030726003048016502,0.03573083387120204,True
ETHUSDT,1d,hmm_4_states,quantile_3_rolling_240,2192,0.03189728979840306,0.03979805100201885,True
ETHUSDT,1d,hmm_4_states,quantile_3_rolling_30,2192,0.03189728979840306,0.03979805100201885,True
ETHUSDT,1d,hmm_4_states,quantile_3_rolling_60,2192,0.03189728979840306,0.03979805100201885,True
ETHUSDT,1d,hmm_4_states,quantile_4_rolling_240,2192,0.03129509991954003,0.041159436654331395,True
ETHUSDT,1d,hmm_4_states,quantile_4_rolling_30,2192,0.03129509991954003,0.041159436654331395,True
ETHUSDT,1d,hmm_4_states,quantile_4_rolling_60,2192,0.03129509991954003,0.041159436654331395,True
ETHUSDT,1h,hmm_4_states,quantile_2_rolling_240,52577,0.07454332649086488,0.07674880604704547,True
ETHUSDT,1h,hmm_4_states,quantile_2_rolling_30,52577,0.07454332649086488,0.07674880604704547,True
ETHUSDT,1h,hmm_4_states,quantile_2_rolling_60,52577,0.07454332649086488,0.07674880604704547,True
ETHUSDT,1h,hmm_4_states,quantile_3_rolling_240,52577,0.07033844926384364,0.08143891609327197,True
ETHUSDT,1h,hmm_4_states,quantile_3_rolling_30,52577,0.07033844926384364,0.08143891609327197,True
ETHUSDT,1h,hmm_4_states,quantile_3_rolling_60,52577,0.07033844926384364,0.08143891609327197,True
ETHUSDT,1h,hmm_4_states,quantile_4_rolling_240,52577,0.06194918135003985,0.08022890637036557,True
ETHUSDT,1h,hmm_4_states,quantile_4_rolling_30,52577,0.06194918135003985,0.08022890637036557,True
ETHUSDT,1h,hmm_4_states,quantile_4_rolling_60,52577,0.06194918135003985,0.08022890637036557,True
ETHUSDT,1m,hmm_4_states,quantile_2_rolling_240,3154154,0.1456839483504822,0.15268703328649358,True
ETHUSDT,1m,hmm_4_states,quantile_2_rolling_30,3154154,0.1456839483504822,0.15268703328649358,True
ETHUSDT,1m,hmm_4_states,quantile_2_rolling_60,3154154,0.1456839483504822,0.15268703328649358,True
ETHUSDT,1m,hmm_4_states,quantile_3_rolling_240,3154154,0.136508763751965,0.16222559912360712,True
ETHUSDT,1m,hmm_4_states,quantile_3_rolling_30,3154154,0.136508763751965,0.16222559912360712,True
ETHUSDT,1m,hmm_4_states,quantile_3_rolling_60,3154154,0.136508763751965,0.16222559912360712,True
ETHUSDT,1m,hmm_4_states,quantile_4_rolling_240,3154154,0.11873033411618508,0.159681393951438,True
ETHUSDT,1m,hmm_4_states,quantile_4_rolling_30,3154154,0.11873033411618508,0.159681393951438,True
ETHUSDT,1m,hmm_4_states,quantile_4_rolling_60,3154154,0.11873033411618508,0.159681393951438,True
ETHUSDT,5m,hmm_4_states,quantile_2_rolling_240,630834,0.09486155096370681,0.10500048712753968,True
ETHUSDT,5m,hmm_4_states,quantile_2_rolling_30,630834,0.09486155096370681,0.10500048712753968,True
ETHUSDT,5m,hmm_4_states,quantile_2_rolling_60,630834,0.09486155096370681,0.10500048712753968,True
ETHUSDT,5m,hmm_4_states,quantile_3_rolling_240,630834,0.09692572539119639,0.11556454588519574,True
ETHUSDT,5m,hmm_4_states,quantile_3_rolling_30,630834,0.09692572539119639,0.11556454588519574,True
ETHUSDT,5m,hmm_4_states,quantile_3_rolling_60,630834,0.09692572539119639,0.11556454588519574,True
ETHUSDT,5m,hmm_4_states,quantile_4_rolling_240,630834,0.08812869311302499,0.11581285054609942,True
ETHUSDT,5m,hmm_4_states,quantile_4_rolling_30,630834,0.08812869311302499,0.11581285054609942,True
ETHUSDT,5m,hmm_4_states,quantile_4_rolling_60,630834,0.08812869311302499,0.11581285054609942,True
EURUSD,1d,hmm_4_states,quantile_2_rolling_240,2863,0.026740581630165943,0.04392123371015876,True
EURUSD,1d,hmm_4_states,quantile_2_rolling_30,2863,0.026740581630165943,0.04392123371015876,True
EURUSD,1d,hmm_4_states,quantile_2_rolling_60,2863,0.026740581630165943,0.04392123371015876,True
EURUSD,1d,hmm_4_states,quantile_3_rolling_240,2863,0.032103620495542586,0.051129077739217516,True
EURUSD,1d,hmm_4_states,quantile_3_rolling_30,2863,0.032103620495542586,0.051129077739217516,True
EURUSD,1d,hmm_4_states,quantile_3_rolling_60,2863,0.032103620495542586,0.051129077739217516,True
EURUSD,1d,hmm_4_states,quantile_4_rolling_240,2863,0.031830333169571956,0.05146402370463371,True
EURUSD,1d,hmm_4_states,quantile_4_rolling_30,2863,0.031830333169571956,0.05146402370463371,True
EURUSD,1d,hmm_4_states,quantile_4_rolling_60,2863,0.031830333169571956,0.05146402370463371,True
GBPUSD,1d,hmm_4_states,quantile_2_rolling_240,2863,0.03811921274835179,0.05333040461097872,True
GBPUSD,1d,hmm_4_states,quantile_2_rolling_30,2863,0.03811921274835179,0.05333040461097872,True
GBPUSD,1d,hmm_4_states,quantile_2_rolling_60,2863,0.03811921274835179,0.05333040461097872,True
GBPUSD,1d,hmm_4_states,quantile_3_rolling_240,2863,0.04603087657844976,0.06585978543250393,True
GBPUSD,1d,hmm_4_states,quantile_3_rolling_30,2863,0.04603087657844976,0.06585978543250393,True
GBPUSD,1d,hmm_4_states,quantile_3_rolling_60,2863,0.04603087657844976,0.06585978543250393,True
GBPUSD,1d,hmm_4_states,quantile_4_rolling_240,2863,0.043271552464208544,0.06657846598349534,True
GBPUSD,1d,hmm_4_states,quantile_4_rolling_30,2863,0.043271552464208544,0.06657846598349534,True
GBPUSD,1d,hmm_4_states,quantile_4_rolling_60,2863,0.043271552464208544,0.06657846598349534,True
NASDAQ100,1d,hmm_4_states,quantile_2_rolling_240,4024,0.03441685851921017,0.05754946901047815,True
NASDAQ100,1d,hmm_4_states,quantile_2_rolling_30,4024,0.03441685851921017,0.05754946901047815,True
NASDAQ100,1d,hmm_4_states,quantile_2_rolling_60,4024,0.03441685851921017,0.05754946901047815,True
NASDAQ100,1d,hmm_4_states,quantile_3_rolling_240,4024,0.034261752495981186,0.0586531843702851,True
NASDAQ100,1d,hmm_4_states,quantile_3_rolling_30,4024,0.034261752495981186,0.0586531843702851,True
NASDAQ100,1d,hmm_4_states,quantile_3_rolling_60,4024,0.034261752495981186,0.0586531843702851,True
NASDAQ100,1d,hmm_4_states,quantile_4_rolling_240,4024,0.030780019862320682,0.05653942516763926,True
NASDAQ100,1d,hmm_4_states,quantile_4_rolling_30,4024,0.030780019862320682,0.05653942516763926,True
NASDAQ100,1d,hmm_4_states,quantile_4_rolling_60,4024,0.030780019862320682,0.05653942516763926,True
SP500,1d,hmm_4_states,quantile_2_rolling_240,4024,0.058710928606415094,0.07585944241329301,True
SP500,1d,hmm_4_states,quantile_2_rolling_30,4024,0.058710928606415094,0.07585944241329301,True
SP500,1d,hmm_4_states,quantile_2_rolling_60,4024,0.058710928606415094,0.07585944241329301,True
SP500,1d,hmm_4_states,quantile_3_rolling_240,4024,0.053524183203596656,0.07520004891262246,True
SP500,1d,hmm_4_states,quantile_3_rolling_30,4024,0.053524183203596656,0.07520004891262246,True
SP500,1d,hmm_4_states,quantile_3_rolling_60,4024,0.053524183203596656,0.07520004891262246,True
SP500,1d,hmm_4_states,quantile_4_rolling_240,4024,0.05202287043056412,0.08013297990991551,True
SP500,1d,hmm_4_states,quantile_4_rolling_30,4024,0.05202287043056412,0.08013297990991551,True
SP500,1d,hmm_4_states,quantile_4_rolling_60,4024,0.05202287043056412,0.08013297990991551,True
VIX,1d,hmm_4_states,quantile_2_rolling_240,4024,0.0188916392612138,0.02450367596422654,True
VIX,1d,hmm_4_states,quantile_2_rolling_30,4024,0.0188916392612138,0.02450367596422654,True
VIX,1d,hmm_4_states,quantile_2_rolling_60,4024,0.0188916392612138,0.02450367596422654,True
VIX,1d,hmm_4_states,quantile_3_rolling_240,4024,0.016985186299592493,0.025239244875740502,True
VIX,1d,hmm_4_states,quantile_3_rolling_30,4024,0.016985186299592493,0.025239244875740502,True
VIX,1d,hmm_4_states,quantile_3_rolling_60,4024,0.016985186299592493,0.025239244875740502,True
VIX,1d,hmm_4_states,quantile_4_rolling_240,4024,0.013508979139972118,0.022934786993991388,True
VIX,1d,hmm_4_states,quantile_4_rolling_30,4024,0.013508979139972118,0.022934786993991388,True
VIX,1d,hmm_4_states,quantile_4_rolling_60,4024,0.013508979139972118,0.022934786993991388,True
