asset,frequency,mode,regime_method,window_length,profile_type,runtime_seconds
BTCUSDT,15m,agnostic,none,32,multivariate,82187.74314764887
BTCUSDT,15m,agnostic,none,32,univariate,379.52823410276324
BTCUSDT,15m,agnostic,none,64,multivariate,83244.49830437079
BTCUSDT,15m,agnostic,none,64,univariate,229.806060930714
BTCUSDT,15m,agnostic,none,128,multivariate,84879.6822705213
BTCUSDT,15m,agnostic,none,128,univariate,230.87310963775963
BTCUSDT,15m,agnostic,none,256,multivariate,85043.87451597955
BTCUSDT,15m,agnostic,none,256,univariate,233.95269566681236
BTCUSDT,15m,conditioned,quantile_2_rolling_240,32,multivariate,456.269934495911
BTCUSDT,15m,conditioned,quantile_2_rolling_240,32,univariate,20.406469059176743
BTCUSDT,15m,conditioned,quantile_2_rolling_240,64,multivariate,396.72642372967675
BTCUSDT,15m,conditioned,quantile_2_rolling_240,64,univariate,16.148536642547697
BTCUSDT,15m,conditioned,quantile_2_rolling_240,128,multivariate,308.95241599995643
BTCUSDT,15m,conditioned,quantile_2_rolling_240,128,univariate,10.982293812092394
BTCUSDT,15m,conditioned,quantile_2_rolling_240,256,multivariate,213.06108237756416
BTCUSDT,15m,conditioned,quantile_2_rolling_240,256,univariate,6.197821958456188
BTCUSDT,15m,conditioned,quantile_2_rolling_30,32,multivariate,456.6617584768683
BTCUSDT,15m,conditioned,quantile_2_rolling_30,32,univariate,20.165165921207517
BTCUSDT,15m,conditioned,quantile_2_rolling_30,64,multivariate,397.15939326398075
BTCUSDT,15m,conditioned,quantile_2_rolling_30,64,univariate,16.029679867438972
BTCUSDT,15m,conditioned,quantile_2_rolling_30,128,multivariate,308.58763773180544
BTCUSDT,15m,conditioned,quantile_2_rolling_30,128,univariate,11.028264353983104
BTCUSDT,15m,conditioned,quantile_2_rolling_30,256,multivariate,213.7542265621014
BTCUSDT,15m,conditioned,quantile_2_rolling_30,256,univariate,6.173743489198387
BTCUSDT,15m,conditioned,quantile_2_rolling_60,32,multivariate,459.00558045413345
BTCUSDT,15m,conditioned,quantile_2_rolling_60,32,univariate,20.331083981785923
BTCUSDT,15m,conditioned,quantile_2_rolling_60,64,multivariate,396.0181263801642
BTCUSDT,15m,conditioned,quantile_2_rolling_60,64,univariate,16.276732952799648
BTCUSDT,15m,conditioned,quantile_2_rolling_60,128,multivariate,310.3352748393081
BTCUSDT,15m,conditioned,quantile_2_rolling_60,128,univariate,11.024775253608823
BTCUSDT,15m,conditioned,quantile_2_rolling_60,256,multivariate,214.0809438903816
BTCUSDT,15m,conditioned,quantile_2_rolling_60,256,univariate,6.278041178826243
BTCUSDT,15m,conditioned,quantile_3_rolling_240,32,multivariate,157.4001998808235
BTCUSDT,15m,conditioned,quantile_3_rolling_240,32,univariate,8.927720352541655
BTCUSDT,15m,conditioned,quantile_3_rolling_240,64,multivariate,132.8375901253894
BTCUSDT,15m,conditioned,quantile_3_rolling_240,64,univariate,7.158109300304204
BTCUSDT,15m,conditioned,quantile_3_rolling_240,128,multivariate,89.31794281350449
BTCUSDT,15m,conditioned,quantile_3_rolling_240,128,univariate,4.736744148656726
BTCUSDT,15m,conditioned,quantile_3_rolling_240,256,multivariate,37.01670227618888
BTCUSDT,15m,conditioned,quantile_3_rolling_240,256,univariate,2.0965830595232546
BTCUSDT,15m,conditioned,quantile_3_rolling_30,32,multivariate,157.68746517645195
BTCUSDT,15m,conditioned,quantile_3_rolling_30,32,univariate,8.851875638123602
BTCUSDT,15m,conditioned,quantile_3_rolling_30,64,multivariate,132.83451700676233
BTCUSDT,15m,conditioned,quantile_3_rolling_30,64,univariate,7.088815777562559
BTCUSDT,15m,conditioned,quantile_3_rolling_30,128,multivariate,89.31736550340429
BTCUSDT,15m,conditioned,quantile_3_rolling_30,128,univariate,4.6987791219726205
BTCUSDT,15m,conditioned,quantile_3_rolling_30,256,multivariate,36.68250197172165
BTCUSDT,15m,conditioned,quantile_3_rolling_30,256,univariate,2.062809984665364
BTCUSDT,15m,conditioned,quantile_3_rolling_60,32,multivariate,157.5946894972585
BTCUSDT,15m,conditioned,quantile_3_rolling_60,32,univariate,8.805119187571108
BTCUSDT,15m,conditioned,quantile_3_rolling_60,64,multivariate,132.8479707944207
BTCUSDT,15m,conditioned,quantile_3_rolling_60,64,univariate,7.057000127620995
BTCUSDT,15m,conditioned,quantile_3_rolling_60,128,multivariate,89.13400266040117
BTCUSDT,15m,conditioned,quantile_3_rolling_60,128,univariate,4.67338457563892
BTCUSDT,15m,conditioned,quantile_3_rolling_60,256,multivariate,39.52775092795491
BTCUSDT,15m,conditioned,quantile_3_rolling_60,256,univariate,2.0776746636256576
BTCUSDT,15m,conditioned,quantile_4_rolling_240,32,multivariate,88.62032467313111
BTCUSDT,15m,conditioned,quantile_4_rolling_240,32,univariate,5.00364177627489
BTCUSDT,15m,conditioned,quantile_4_rolling_240,64,multivariate,73.23095791693777
BTCUSDT,15m,conditioned,quantile_4_rolling_240,64,univariate,3.916197957005352
BTCUSDT,15m,conditioned,quantile_4_rolling_240,128,multivariate,49.20372017240152
BTCUSDT,15m,conditioned,quantile_4_rolling_240,128,univariate,2.5742876422591507
BTCUSDT,15m,conditioned,quantile_4_rolling_240,256,multivariate,21.468797663692385
BTCUSDT,15m,conditioned,quantile_4_rolling_240,256,univariate,1.185469082556665
BTCUSDT,15m,conditioned,quantile_4_rolling_30,32,multivariate,88.9096745904535
BTCUSDT,15m,conditioned,quantile_4_rolling_30,32,univariate,5.003840724006295
BTCUSDT,15m,conditioned,quantile_4_rolling_30,64,multivariate,73.1938905022107
BTCUSDT,15m,conditioned,quantile_4_rolling_30,64,univariate,3.9278224143199623
BTCUSDT,15m,conditioned,quantile_4_rolling_30,128,multivariate,49.390410874504596
BTCUSDT,15m,conditioned,quantile_4_rolling_30,128,univariate,2.571770079433918
BTCUSDT,15m,conditioned,quantile_4_rolling_30,256,multivariate,21.363120783120394
BTCUSDT,15m,conditioned,quantile_4_rolling_30,256,univariate,1.1747893863357604
BTCUSDT,15m,conditioned,quantile_4_rolling_60,32,multivariate,88.15932323038578
BTCUSDT,15m,conditioned,quantile_4_rolling_60,32,univariate,4.996869289781898
BTCUSDT,15m,conditioned,quantile_4_rolling_60,64,multivariate,73.06944616837427
BTCUSDT,15m,conditioned,quantile_4_rolling_60,64,univariate,3.9445340344682336
BTCUSDT,15m,conditioned,quantile_4_rolling_60,128,multivariate,49.023122740443796
BTCUSDT,15m,conditioned,quantile_4_rolling_60,128,univariate,2.5785862943157554
BTCUSDT,15m,conditioned,quantile_4_rolling_60,256,multivariate,21.470733692403883
BTCUSDT,15m,conditioned,quantile_4_rolling_60,256,univariate,1.1859833453781903
BTCUSDT,1h,agnostic,none,24,multivariate,5050.27217424009
BTCUSDT,1h,agnostic,none,24,univariate,24.3036882346496
BTCUSDT,1h,agnostic,none,48,multivariate,4985.327334608883
BTCUSDT,1h,agnostic,none,48,univariate,20.517228874377906
BTCUSDT,1h,agnostic,none,72,multivariate,5140.384017690085
BTCUSDT,1h,agnostic,none,72,univariate,21.17636565119028
BTCUSDT,1h,agnostic,none,168,multivariate,5058.4668301884085
BTCUSDT,1h,agnostic,none,168,univariate,22.582700112834573
BTCUSDT,1h,agnostic,none,336,multivariate,5177.5752903474495
BTCUSDT,1h,agnostic,none,336,univariate,23.64317906089127
BTCUSDT,1h,conditioned,quantile_2_rolling_240,24,multivariate,75.25991078466177
BTCUSDT,1h,conditioned,quantile_2_rolling_240,24,univariate,4.279768085107207
BTCUSDT,1h,conditioned,quantile_2_rolling_240,48,multivariate,69.01254486152902
BTCUSDT,1h,conditioned,quantile_2_rolling_240,48,univariate,3.7907097465358675
BTCUSDT,1h,conditioned,quantile_2_rolling_240,72,multivariate,58.45450242143124
BTCUSDT,1h,conditioned,quantile_2_rolling_240,72,univariate,3.163023966830224
BTCUSDT,1h,conditioned,quantile_2_rolling_240,168,multivariate,33.13559890957549
BTCUSDT,1h,conditioned,quantile_2_rolling_240,168,univariate,1.652058712206781
BTCUSDT,1h,conditioned,quantile_2_rolling_240,336,multivariate,13.533115529920906
BTCUSDT,1h,conditioned,quantile_2_rolling_240,336,univariate,0.6443565422669053
BTCUSDT,1h,conditioned,quantile_2_rolling_30,24,multivariate,75.19136431161314
BTCUSDT,1h,conditioned,quantile_2_rolling_30,24,univariate,5.535748009569943
BTCUSDT,1h,conditioned,quantile_2_rolling_30,48,multivariate,68.92292722966522
BTCUSDT,1h,conditioned,quantile_2_rolling_30,48,univariate,3.786974372342229
BTCUSDT,1h,conditioned,quantile_2_rolling_30,72,multivariate,58.353576962370425
BTCUSDT,1h,conditioned,quantile_2_rolling_30,72,univariate,3.7651804257184267
BTCUSDT,1h,conditioned,quantile_2_rolling_30,168,multivariate,32.98057738225907
BTCUSDT,1h,conditioned,quantile_2_rolling_30,168,univariate,1.6490766620263457
BTCUSDT,1h,conditioned,quantile_2_rolling_30,336,multivariate,13.488825034815818
BTCUSDT,1h,conditioned,quantile_2_rolling_30,336,univariate,0.6447166865691543
BTCUSDT,1h,conditioned,quantile_2_rolling_60,24,multivariate,75.3006737260148
BTCUSDT,1h,conditioned,quantile_2_rolling_60,24,univariate,4.246409023180604
BTCUSDT,1h,conditioned,quantile_2_rolling_60,48,multivariate,68.70950016239658
BTCUSDT,1h,conditioned,quantile_2_rolling_60,48,univariate,3.7863988606259227
BTCUSDT,1h,conditioned,quantile_2_rolling_60,72,multivariate,58.46457660431042
BTCUSDT,1h,conditioned,quantile_2_rolling_60,72,univariate,3.145517169497907
BTCUSDT,1h,conditioned,quantile_2_rolling_60,168,multivariate,33.217614985536784
BTCUSDT,1h,conditioned,quantile_2_rolling_60,168,univariate,1.6415427890606225
BTCUSDT,1h,conditioned,quantile_2_rolling_60,336,multivariate,13.51709360582754
BTCUSDT,1h,conditioned,quantile_2_rolling_60,336,univariate,0.6415243078954518
BTCUSDT,1h,conditioned,quantile_3_rolling_240,24,multivariate,27.722018668428063
BTCUSDT,1h,conditioned,quantile_3_rolling_240,24,univariate,1.7413607612252235
BTCUSDT,1h,conditioned,quantile_3_rolling_240,48,multivariate,25.181675091851503
BTCUSDT,1h,conditioned,quantile_3_rolling_240,48,univariate,1.66894999332726
BTCUSDT,1h,conditioned,quantile_3_rolling_240,72,multivariate,21.55030533950776
BTCUSDT,1h,conditioned,quantile_3_rolling_240,72,univariate,1.2596057369373739
BTCUSDT,1h,conditioned,quantile_3_rolling_240,168,multivariate,8.655112253502011
BTCUSDT,1h,conditioned,quantile_3_rolling_240,168,univariate,0.5286638597026467
BTCUSDT,1h,conditioned,quantile_3_rolling_240,336,multivariate,2.633413157425821
BTCUSDT,1h,conditioned,quantile_3_rolling_240,336,univariate,0.18622721312567592
BTCUSDT,1h,conditioned,quantile_3_rolling_30,24,multivariate,27.712289937771857
BTCUSDT,1h,conditioned,quantile_3_rolling_30,24,univariate,1.7239147564396262
BTCUSDT,1h,conditioned,quantile_3_rolling_30,48,multivariate,25.162089203018695
BTCUSDT,1h,conditioned,quantile_3_rolling_30,48,univariate,1.5202342630364
BTCUSDT,1h,conditioned,quantile_3_rolling_30,72,multivariate,21.570948365610093
BTCUSDT,1h,conditioned,quantile_3_rolling_30,72,univariate,1.2570632616989315
BTCUSDT,1h,conditioned,quantile_3_rolling_30,168,multivariate,8.704460167326033
BTCUSDT,1h,conditioned,quantile_3_rolling_30,168,univariate,0.5327785452827811
BTCUSDT,1h,conditioned,quantile_3_rolling_30,336,multivariate,2.630547409877181
BTCUSDT,1h,conditioned,quantile_3_rolling_30,336,univariate,0.18557257624343038
BTCUSDT,1h,conditioned,quantile_3_rolling_60,24,multivariate,27.73454547394067
BTCUSDT,1h,conditioned,quantile_3_rolling_60,24,univariate,1.7479039262980223
BTCUSDT,1h,conditioned,quantile_3_rolling_60,48,multivariate,25.26979829976335
BTCUSDT,1h,conditioned,quantile_3_rolling_60,48,univariate,1.535093660466373
BTCUSDT,1h,conditioned,quantile_3_rolling_60,72,multivariate,21.599864915478975
BTCUSDT,1h,conditioned,quantile_3_rolling_60,72,univariate,1.260357037652284
BTCUSDT,1h,conditioned,quantile_3_rolling_60,168,multivariate,8.681189324706793
BTCUSDT,1h,conditioned,quantile_3_rolling_60,168,univariate,0.5359848984517157
BTCUSDT,1h,conditioned,quantile_3_rolling_60,336,multivariate,2.6314340215176344
BTCUSDT,1h,conditioned,quantile_3_rolling_60,336,univariate,0.18889862950891256
BTCUSDT,1h,conditioned,quantile_4_rolling_240,24,multivariate,17.886565872468054
BTCUSDT,1h,conditioned,quantile_4_rolling_240,24,univariate,1.2845733994618058
BTCUSDT,1h,conditioned,quantile_4_rolling_240,48,multivariate,15.719955692067742
BTCUSDT,1h,conditioned,quantile_4_rolling_240,48,univariate,1.1194459279067814
BTCUSDT,1h,conditioned,quantile_4_rolling_240,72,multivariate,11.642281934153289
BTCUSDT,1h,conditioned,quantile_4_rolling_240,72,univariate,0.7872436414472759
BTCUSDT,1h,conditioned,quantile_4_rolling_240,168,multivariate,3.5594489984214306
BTCUSDT,1h,conditioned,quantile_4_rolling_240,168,univariate,0.31520460825413465
BTCUSDT,1h,conditioned,quantile_4_rolling_240,336,multivariate,1.1431814967654645
BTCUSDT,1h,conditioned,quantile_4_rolling_240,336,univariate,0.07573172356933355
BTCUSDT,1h,conditioned,quantile_4_rolling_30,24,multivariate,17.817169213667512
BTCUSDT,1h,conditioned,quantile_4_rolling_30,24,univariate,1.2746115354821086
BTCUSDT,1h,conditioned,quantile_4_rolling_30,48,multivariate,15.72350514959544
BTCUSDT,1h,conditioned,quantile_4_rolling_30,48,univariate,1.1431595864705741
BTCUSDT,1h,conditioned,quantile_4_rolling_30,72,multivariate,11.588306104764342
BTCUSDT,1h,conditioned,quantile_4_rolling_30,72,univariate,0.7862005191855133
BTCUSDT,1h,conditioned,quantile_4_rolling_30,168,multivariate,3.5650666593573987
BTCUSDT,1h,conditioned,quantile_4_rolling_30,168,univariate,0.3147506951354444
BTCUSDT,1h,conditioned,quantile_4_rolling_30,336,multivariate,1.1354384520091116
BTCUSDT,1h,conditioned,quantile_4_rolling_30,336,univariate,0.07534416113048792
BTCUSDT,1h,conditioned,quantile_4_rolling_60,24,multivariate,17.86380382720381
BTCUSDT,1h,conditioned,quantile_4_rolling_60,24,univariate,1.2757610622793436
BTCUSDT,1h,conditioned,quantile_4_rolling_60,48,multivariate,15.729275049176067
BTCUSDT,1h,conditioned,quantile_4_rolling_60,48,univariate,1.1130924900062382
BTCUSDT,1h,conditioned,quantile_4_rolling_60,72,multivariate,11.590013107284904
BTCUSDT,1h,conditioned,quantile_4_rolling_60,72,univariate,0.7859473447315395
BTCUSDT,1h,conditioned,quantile_4_rolling_60,168,multivariate,3.574971884023398
BTCUSDT,1h,conditioned,quantile_4_rolling_60,168,univariate,0.31387576507404447
BTCUSDT,1h,conditioned,quantile_4_rolling_60,336,multivariate,1.1398425460793078
BTCUSDT,1h,conditioned,quantile_4_rolling_60,336,univariate,0.07521305326372385
ETHUSDT,15m,agnostic,none,32,multivariate,81329.21324434225
ETHUSDT,15m,agnostic,none,32,univariate,202.77917434927076
ETHUSDT,15m,agnostic,none,64,multivariate,80864.40192668699
ETHUSDT,15m,agnostic,none,64,univariate,219.8815209697932
ETHUSDT,15m,agnostic,none,128,multivariate,79557.75703590363
ETHUSDT,15m,agnostic,none,128,univariate,207.56386934779584
ETHUSDT,15m,agnostic,none,256,multivariate,77751.28512078896
ETHUSDT,15m,agnostic,none,256,univariate,213.0511367879808
ETHUSDT,15m,conditioned,hmm_4_states,32,multivariate,2.7501787059009075
ETHUSDT,15m,conditioned,hmm_4_states,32,univariate,0.2279679011553526
ETHUSDT,15m,conditioned,hmm_4_states,64,multivariate,1.282579037360847
ETHUSDT,15m,conditioned,hmm_4_states,64,univariate,0.14773473888635635
ETHUSDT,15m,conditioned,hmm_4_states,128,multivariate,0.6696711620315909
ETHUSDT,15m,conditioned,hmm_4_states,128,univariate,0.06134600378572941
ETHUSDT,15m,conditioned,hmm_4_states,256,multivariate,0.16580121126025915
ETHUSDT,15m,conditioned,hmm_4_states,256,univariate,0.017933678813278675
ETHUSDT,15m,conditioned,quantile_2_rolling_240,32,multivariate,414.16190829034895
ETHUSDT,15m,conditioned,quantile_2_rolling_240,32,univariate,21.776763618923724
ETHUSDT,15m,conditioned,quantile_2_rolling_240,64,multivariate,354.27078511565924
ETHUSDT,15m,conditioned,quantile_2_rolling_240,64,univariate,17.4877924984321
ETHUSDT,15m,conditioned,quantile_2_rolling_240,128,multivariate,253.92974572535604
ETHUSDT,15m,conditioned,quantile_2_rolling_240,128,univariate,11.675304911099374
ETHUSDT,15m,conditioned,quantile_2_rolling_240,256,multivariate,137.01900138985366
ETHUSDT,15m,conditioned,quantile_2_rolling_240,256,univariate,6.130706851370633
ETHUSDT,15m,conditioned,quantile_2_rolling_30,32,multivariate,416.08475518692285
ETHUSDT,15m,conditioned,quantile_2_rolling_30,32,univariate,21.897601815871894
ETHUSDT,15m,conditioned,quantile_2_rolling_30,64,multivariate,353.8275322895497
ETHUSDT,15m,conditioned,quantile_2_rolling_30,64,univariate,17.59457001183182
ETHUSDT,15m,conditioned,quantile_2_rolling_30,128,multivariate,254.94360157754272
ETHUSDT,15m,conditioned,quantile_2_rolling_30,128,univariate,11.684927229769528
ETHUSDT,15m,conditioned,quantile_2_rolling_30,256,multivariate,136.76099228672683
ETHUSDT,15m,conditioned,quantile_2_rolling_30,256,univariate,6.140675138682127
ETHUSDT,15m,conditioned,quantile_2_rolling_60,32,multivariate,414.5685912845656
ETHUSDT,15m,conditioned,quantile_2_rolling_60,32,univariate,21.84827947895974
ETHUSDT,15m,conditioned,quantile_2_rolling_60,64,multivariate,354.4779981561005
ETHUSDT,15m,conditioned,quantile_2_rolling_60,64,univariate,17.584149891510606
ETHUSDT,15m,conditioned,quantile_2_rolling_60,128,multivariate,254.02812563162297
ETHUSDT,15m,conditioned,quantile_2_rolling_60,128,univariate,11.719539482146502
ETHUSDT,15m,conditioned,quantile_2_rolling_60,256,multivariate,137.1550425486639
ETHUSDT,15m,conditioned,quantile_2_rolling_60,256,univariate,6.166028179228306
ETHUSDT,15m,conditioned,quantile_3_rolling_240,32,multivariate,184.21102689951658
ETHUSDT,15m,conditioned,quantile_3_rolling_240,32,univariate,9.535038664005697
ETHUSDT,15m,conditioned,quantile_3_rolling_240,64,multivariate,155.6193547397852
ETHUSDT,15m,conditioned,quantile_3_rolling_240,64,univariate,7.525585923343897
ETHUSDT,15m,conditioned,quantile_3_rolling_240,128,multivariate,113.91440681740642
ETHUSDT,15m,conditioned,quantile_3_rolling_240,128,univariate,5.215465877205133
ETHUSDT,15m,conditioned,quantile_3_rolling_240,256,multivariate,57.67250508069992
ETHUSDT,15m,conditioned,quantile_3_rolling_240,256,univariate,2.6955376835539937
ETHUSDT,15m,conditioned,quantile_3_rolling_30,32,multivariate,181.8839593604207
ETHUSDT,15m,conditioned,quantile_3_rolling_30,32,univariate,9.629231904633343
ETHUSDT,15m,conditioned,quantile_3_rolling_30,64,multivariate,153.3287676749751
ETHUSDT,15m,conditioned,quantile_3_rolling_30,64,univariate,7.638847772963345
ETHUSDT,15m,conditioned,quantile_3_rolling_30,128,multivariate,112.35487554315478
ETHUSDT,15m,conditioned,quantile_3_rolling_30,128,univariate,5.294611206278205
ETHUSDT,15m,conditioned,quantile_3_rolling_30,256,multivariate,56.61345589533448
ETHUSDT,15m,conditioned,quantile_3_rolling_30,256,univariate,2.7402001144364476
ETHUSDT,15m,conditioned,quantile_3_rolling_60,32,multivariate,182.3436730792746
ETHUSDT,15m,conditioned,quantile_3_rolling_60,32,univariate,9.637131157331169
ETHUSDT,15m,conditioned,quantile_3_rolling_60,64,multivariate,153.4103538459167
ETHUSDT,15m,conditioned,quantile_3_rolling_60,64,univariate,7.564187449403107
ETHUSDT,15m,conditioned,quantile_3_rolling_60,128,multivariate,112.60333601478487
ETHUSDT,15m,conditioned,quantile_3_rolling_60,128,univariate,5.26729132886976
ETHUSDT,15m,conditioned,quantile_3_rolling_60,256,multivariate,56.61854937300086
ETHUSDT,15m,conditioned,quantile_3_rolling_60,256,univariate,2.715848566032946
ETHUSDT,15m,conditioned,quantile_4_rolling_240,32,multivariate,105.00165391527116
ETHUSDT,15m,conditioned,quantile_4_rolling_240,32,univariate,6.133493951521814
ETHUSDT,15m,conditioned,quantile_4_rolling_240,64,multivariate,85.88900729641318
ETHUSDT,15m,conditioned,quantile_4_rolling_240,64,univariate,4.727527006529272
ETHUSDT,15m,conditioned,quantile_4_rolling_240,128,multivariate,56.10383113846183
ETHUSDT,15m,conditioned,quantile_4_rolling_240,128,univariate,3.0329415537416935
ETHUSDT,15m,conditioned,quantile_4_rolling_240,256,multivariate,26.036168286576867
ETHUSDT,15m,conditioned,quantile_4_rolling_240,256,univariate,1.346245750784874
ETHUSDT,15m,conditioned,quantile_4_rolling_30,32,multivariate,105.51681002601981
ETHUSDT,15m,conditioned,quantile_4_rolling_30,32,univariate,6.2107849176973104
ETHUSDT,15m,conditioned,quantile_4_rolling_30,64,multivariate,85.75320632290095
ETHUSDT,15m,conditioned,quantile_4_rolling_30,64,univariate,4.811721484176815
ETHUSDT,15m,conditioned,quantile_4_rolling_30,128,multivariate,56.42741476930678
ETHUSDT,15m,conditioned,quantile_4_rolling_30,128,univariate,3.0955781415104866
ETHUSDT,15m,conditioned,quantile_4_rolling_30,256,multivariate,26.588902686722577
ETHUSDT,15m,conditioned,quantile_4_rolling_30,256,univariate,1.374293397180736
ETHUSDT,15m,conditioned,quantile_4_rolling_60,32,multivariate,103.72002301644534
ETHUSDT,15m,conditioned,quantile_4_rolling_60,32,univariate,6.168137229979038
ETHUSDT,15m,conditioned,quantile_4_rolling_60,64,multivariate,85.05828881822526
ETHUSDT,15m,conditioned,quantile_4_rolling_60,64,univariate,4.8209361070767045
ETHUSDT,15m,conditioned,quantile_4_rolling_60,128,multivariate,55.583260235376656
ETHUSDT,15m,conditioned,quantile_4_rolling_60,128,univariate,3.1004864433780313
ETHUSDT,15m,conditioned,quantile_4_rolling_60,256,multivariate,26.785903736948967
ETHUSDT,15m,conditioned,quantile_4_rolling_60,256,univariate,1.3785572871565819
ETHUSDT,1h,agnostic,none,24,multivariate,4891.305967010558
ETHUSDT,1h,agnostic,none,24,univariate,19.834901811555028
ETHUSDT,1h,agnostic,none,48,multivariate,4853.536693798378
ETHUSDT,1h,agnostic,none,48,univariate,20.400078957900405
ETHUSDT,1h,agnostic,none,72,multivariate,4852.443385841325
ETHUSDT,1h,agnostic,none,72,univariate,20.512279998511076
ETHUSDT,1h,agnostic,none,168,multivariate,4825.474599050358
ETHUSDT,1h,agnostic,none,168,univariate,23.52218985557556
ETHUSDT,1h,agnostic,none,336,multivariate,4837.982834940776
ETHUSDT,1h,agnostic,none,336,univariate,23.121230164542794
ETHUSDT,1h,conditioned,quantile_2_rolling_240,24,multivariate,56.47102463059127
ETHUSDT,1h,conditioned,quantile_2_rolling_240,24,univariate,3.6340174823999405
ETHUSDT,1h,conditioned,quantile_2_rolling_240,48,multivariate,50.10870128124952
ETHUSDT,1h,conditioned,quantile_2_rolling_240,48,univariate,3.033338046632707
ETHUSDT,1h,conditioned,quantile_2_rolling_240,72,multivariate,43.06128602381796
ETHUSDT,1h,conditioned,quantile_2_rolling_240,72,univariate,2.5015803957358003
ETHUSDT,1h,conditioned,quantile_2_rolling_240,168,multivariate,16.722089293412864
ETHUSDT,1h,conditioned,quantile_2_rolling_240,168,univariate,1.0443387171253562
ETHUSDT,1h,conditioned,quantile_2_rolling_240,336,multivariate,6.068099371157587
ETHUSDT,1h,conditioned,quantile_2_rolling_240,336,univariate,0.38308454491198063
ETHUSDT,1h,conditioned,quantile_2_rolling_30,24,multivariate,56.591231394559145
ETHUSDT,1h,conditioned,quantile_2_rolling_30,24,univariate,3.5948540829122066
ETHUSDT,1h,conditioned,quantile_2_rolling_30,48,multivariate,50.15882688481361
ETHUSDT,1h,conditioned,quantile_2_rolling_30,48,univariate,3.030307891778648
ETHUSDT,1h,conditioned,quantile_2_rolling_30,72,multivariate,43.16375620290637
ETHUSDT,1h,conditioned,quantile_2_rolling_30,72,univariate,2.5064663477241993
ETHUSDT,1h,conditioned,quantile_2_rolling_30,168,multivariate,16.677676423452795
ETHUSDT,1h,conditioned,quantile_2_rolling_30,168,univariate,1.0437801647931337
ETHUSDT,1h,conditioned,quantile_2_rolling_30,336,multivariate,6.085216020233929
ETHUSDT,1h,conditioned,quantile_2_rolling_30,336,univariate,0.38393273763358593
ETHUSDT,1h,conditioned,quantile_2_rolling_60,24,multivariate,57.034903867170215
ETHUSDT,1h,conditioned,quantile_2_rolling_60,24,univariate,3.6473478469997644
ETHUSDT,1h,conditioned,quantile_2_rolling_60,48,multivariate,50.05051859654486
ETHUSDT,1h,conditioned,quantile_2_rolling_60,48,univariate,3.108897965401411
ETHUSDT,1h,conditioned,quantile_2_rolling_60,72,multivariate,43.07558430638164
ETHUSDT,1h,conditioned,quantile_2_rolling_60,72,univariate,2.554438389837742
ETHUSDT,1h,conditioned,quantile_2_rolling_60,168,multivariate,16.709045827388763
ETHUSDT,1h,conditioned,quantile_2_rolling_60,168,univariate,1.0627971570938826
ETHUSDT,1h,conditioned,quantile_2_rolling_60,336,multivariate,6.104974342510104
ETHUSDT,1h,conditioned,quantile_2_rolling_60,336,univariate,0.38925235997885466
ETHUSDT,1h,conditioned,quantile_3_rolling_240,24,multivariate,17.305696858093143
ETHUSDT,1h,conditioned,quantile_3_rolling_240,24,univariate,1.2922884058207273
ETHUSDT,1h,conditioned,quantile_3_rolling_240,48,multivariate,15.460374229587615
ETHUSDT,1h,conditioned,quantile_3_rolling_240,48,univariate,1.1064132750034332
ETHUSDT,1h,conditioned,quantile_3_rolling_240,72,multivariate,10.408960128203034
ETHUSDT,1h,conditioned,quantile_3_rolling_240,72,univariate,0.7713609514757991
ETHUSDT,1h,conditioned,quantile_3_rolling_240,168,multivariate,3.289871103130281
ETHUSDT,1h,conditioned,quantile_3_rolling_240,168,univariate,0.2809906546026468
ETHUSDT,1h,conditioned,quantile_3_rolling_240,336,multivariate,0.8482726830989122
ETHUSDT,1h,conditioned,quantile_3_rolling_240,336,univariate,0.08950524032115936
ETHUSDT,1h,conditioned,quantile_3_rolling_30,24,multivariate,17.306474670767784
ETHUSDT,1h,conditioned,quantile_3_rolling_30,24,univariate,1.2800174299627542
ETHUSDT,1h,conditioned,quantile_3_rolling_30,48,multivariate,15.49776468705386
ETHUSDT,1h,conditioned,quantile_3_rolling_30,48,univariate,1.1024756636470556
ETHUSDT,1h,conditioned,quantile_3_rolling_30,72,multivariate,10.410303292796016
ETHUSDT,1h,conditioned,quantile_3_rolling_30,72,univariate,0.7711468506604433
ETHUSDT,1h,conditioned,quantile_3_rolling_30,168,multivariate,3.296852556988597
ETHUSDT,1h,conditioned,quantile_3_rolling_30,168,univariate,0.27917863707989454
ETHUSDT,1h,conditioned,quantile_3_rolling_30,336,multivariate,0.8488584915176034
ETHUSDT,1h,conditioned,quantile_3_rolling_30,336,univariate,0.08913474436849356
ETHUSDT,1h,conditioned,quantile_3_rolling_60,24,multivariate,17.455775821581483
ETHUSDT,1h,conditioned,quantile_3_rolling_60,24,univariate,1.2904605828225613
ETHUSDT,1h,conditioned,quantile_3_rolling_60,48,multivariate,15.595179664902389
ETHUSDT,1h,conditioned,quantile_3_rolling_60,48,univariate,1.1054553696885705
ETHUSDT,1h,conditioned,quantile_3_rolling_60,72,multivariate,10.421244148164988
ETHUSDT,1h,conditioned,quantile_3_rolling_60,72,univariate,0.7766554122790694
ETHUSDT,1h,conditioned,quantile_3_rolling_60,168,multivariate,3.291905026882887
ETHUSDT,1h,conditioned,quantile_3_rolling_60,168,univariate,0.28154914639890194
ETHUSDT,1h,conditioned,quantile_3_rolling_60,336,multivariate,0.8487443448975682
ETHUSDT,1h,conditioned,quantile_3_rolling_60,336,univariate,0.08938751835376024
ETHUSDT,1h,conditioned,quantile_4_rolling_240,24,multivariate,14.560434808954597
ETHUSDT,1h,conditioned,quantile_4_rolling_240,24,univariate,1.159923654049635
ETHUSDT,1h,conditioned,quantile_4_rolling_240,48,multivariate,11.570869044400752
ETHUSDT,1h,conditioned,quantile_4_rolling_240,48,univariate,0.9364651096984744
ETHUSDT,1h,conditioned,quantile_4_rolling_240,72,multivariate,6.744626224972308
ETHUSDT,1h,conditioned,quantile_4_rolling_240,72,univariate,0.5989893721416593
ETHUSDT,1h,conditioned,quantile_4_rolling_240,168,multivariate,2.1650618612766266
ETHUSDT,1h,conditioned,quantile_4_rolling_240,168,univariate,0.2031679516658187
ETHUSDT,1h,conditioned,quantile_4_rolling_240,336,multivariate,0.5184236411005259
ETHUSDT,1h,conditioned,quantile_4_rolling_240,336,univariate,0.054367528297007084
ETHUSDT,1h,conditioned,quantile_4_rolling_30,24,multivariate,14.617772111669183
ETHUSDT,1h,conditioned,quantile_4_rolling_30,24,univariate,1.1591216921806335
ETHUSDT,1h,conditioned,quantile_4_rolling_30,48,multivariate,11.631490067578852
ETHUSDT,1h,conditioned,quantile_4_rolling_30,48,univariate,0.9096571728587151
ETHUSDT,1h,conditioned,quantile_4_rolling_30,72,multivariate,6.785167243331671
ETHUSDT,1h,conditioned,quantile_4_rolling_30,72,univariate,0.5991122601553798
ETHUSDT,1h,conditioned,quantile_4_rolling_30,168,multivariate,2.173118667677045
ETHUSDT,1h,conditioned,quantile_4_rolling_30,168,univariate,0.20340425614267588
ETHUSDT,1h,conditioned,quantile_4_rolling_30,336,multivariate,0.5184938041493297
ETHUSDT,1h,conditioned,quantile_4_rolling_30,336,univariate,0.05458392482250929
ETHUSDT,1h,conditioned,quantile_4_rolling_60,24,multivariate,14.4872413482517
ETHUSDT,1h,conditioned,quantile_4_rolling_60,24,univariate,1.16200041025877
ETHUSDT,1h,conditioned,quantile_4_rolling_60,48,multivariate,11.553792491555214
ETHUSDT,1h,conditioned,quantile_4_rolling_60,48,univariate,0.9067284148186445
ETHUSDT,1h,conditioned,quantile_4_rolling_60,72,multivariate,6.696473151445389
ETHUSDT,1h,conditioned,quantile_4_rolling_60,72,univariate,0.59701850079
ETHUSDT,1h,conditioned,quantile_4_rolling_60,168,multivariate,2.1662444546818733
ETHUSDT,1h,conditioned,quantile_4_rolling_60,168,univariate,0.20368968602269888
ETHUSDT,1h,conditioned,quantile_4_rolling_60,336,multivariate,0.5153821762651205
ETHUSDT,1h,conditioned,quantile_4_rolling_60,336,univariate,0.05481248442083597
